[{"model": "boutique.category", "pk": 1, "fields": {"gender": 1, "name": "\u0410\u043a\u0441\u0435\u0441\u0441\u0443\u0430\u0440\u044b", "description": "", "uploaded_date": "2020-03-02T08:20:49.786Z"}}, {"model": "boutique.category", "pk": 2, "fields": {"gender": 1, "name": "\u041a\u043e\u0441\u043c\u0435\u0442\u0438\u043a\u0430", "description": "", "uploaded_date": "2020-03-02T09:12:10.374Z"}}, {"model": "boutique.category", "pk": 3, "fields": {"gender": 1, "name": "\u0421\u0443\u043c\u043a\u0438", "description": "", "uploaded_date": "2020-03-02T09:12:20.400Z"}}, {"model": "boutique.category", "pk": 4, "fields": {"gender": 1, "name": "\u041e\u0431\u0443\u0432\u044c", "description": "", "uploaded_date": "2020-03-02T09:12:29.120Z"}}, {"model": "boutique.category", "pk": 5, "fields": {"gender": 2, "name": "\u0410\u043a\u0441\u0435\u0441\u0441\u0443\u0430\u0440\u044b", "description": "", "uploaded_date": "2020-03-02T09:40:55.439Z"}}, {"model": "boutique.subcategory", "pk": 1, "fields": {"category": 1, "name": "\u0420\u0435\u043c\u043d\u0438", "description": "", "uploaded_date": "2020-03-02T08:20:49.788Z"}}, {"model": "boutique.subcategory", "pk": 2, "fields": {"category": 1, "name": "\u0411\u0438\u0436\u0443\u0442\u0435\u0440\u0438\u044f", "description": "", "uploaded_date": "2020-03-02T08:20:49.789Z"}}, {"model": "boutique.subcategory", "pk": 3, "fields": {"category": 1, "name": "\u0428\u0430\u0440\u0444\u044b  \u043f\u043b\u0430\u0442\u043a\u0438  \u043f\u0430\u043b\u0430\u043d\u0442\u0438\u043d\u044b", "description": "", "uploaded_date": "2020-03-02T08:20:49.789Z"}}, {"model": "boutique.subcategory", "pk": 4, "fields": {"category": 1, "name": "\u0421\u043e\u043b\u043d\u0446\u0435\u0437\u0430\u0449\u0438\u0442\u043d\u044b\u0435 \u043e\u0447\u043a\u0438", "description": "", "uploaded_date": "2020-03-02T08:20:49.790Z"}}, {"model": "boutique.subcategory", "pk": 5, "fields": {"category": 1, "name": "\u041a\u043e\u0448\u0435\u043b\u044c\u043a\u0438", "description": "", "uploaded_date": "2020-03-02T08:20:49.790Z"}}, {"model": "boutique.subcategory", "pk": 6, "fields": {"category": 4, "name": "\u0421\u0430\u043f\u043e\u0433\u0438 \u0438 \u0431\u043e\u0442\u0438\u043d\u043a\u0438", "description": "", "uploaded_date": "2020-03-02T09:24:18.290Z"}}, {"model": "boutique.subcategory", "pk": 7, "fields": {"category": 4, "name": "\u041b\u043e\u0444\u0435\u0440\u044b \u0438 \u0423\u0433\u0433\u0438", "description": "", "uploaded_date": "2020-03-02T09:24:18.291Z"}}, {"model": "boutique.subcategory", "pk": 8, "fields": {"category": 4, "name": "\u041d\u0430 \u043a\u0430\u0431\u043b\u0443\u043a\u0435", "description": "", "uploaded_date": "2020-03-02T09:24:18.291Z"}}, {"model": "boutique.subcategory", "pk": 9, "fields": {"category": 4, "name": "\u041e\u0431\u0443\u0432\u044c \u0434\u043b\u044f \u0434\u043e\u043c\u0430", "description": "", "uploaded_date": "2020-03-02T09:24:18.291Z"}}, {"model": "boutique.subcategory", "pk": 10, "fields": {"category": 4, "name": "\u041a\u0440\u043e\u0441\u0441\u043e\u0432\u043a\u0438", "description": "", "uploaded_date": "2020-03-02T09:24:18.291Z"}}, {"model": "boutique.subcategory", "pk": 11, "fields": {"category": 5, "name": "\u041a\u043e\u0448\u0435\u043b\u044c\u043a\u0438", "description": "", "uploaded_date": "2020-03-02T09:40:55.440Z"}}, {"model": "boutique.tag", "pk": 2, "fields": {"tag_discount_percentage": 5, "slogan": "\u041f\u043e\u043b\u0443\u0447\u0438 \u0441\u043a\u0438\u0434\u043a\u0443 5%!"}}, {"model": "boutique.brand", "pk": 1, "fields": {"name": "Louis Vuitton", "description": ""}}, {"model": "boutique.brand", "pk": 2, "fields": {"name": "Chanel", "description": ""}}, {"model": "boutique.brand", "pk": 3, "fields": {"name": "Gucci", "description": ""}}, {"model": "boutique.brand", "pk": 4, "fields": {"name": "Dior", "description": ""}}, {"model": "boutique.brand", "pk": 5, "fields": {"name": "Bottega Venetta", "description": ""}}, {"model": "boutique.brand", "pk": 6, "fields": {"name": "Other", "description": ""}}, {"model": "boutique.brand", "pk": 7, "fields": {"name": "Valentino", "description": ""}}, {"model": "boutique.brand", "pk": 8, "fields": {"name": "Hermes", "description": ""}}, {"model": "boutique.brand", "pk": 9, "fields": {"name": "Givenchy", "description": ""}}, {"model": "boutique.brand", "pk": 10, "fields": {"name": "Celine", "description": ""}}, {"model": "boutique.item", "pk": 1, "fields": {"category": 1, "subcategory": 1, "tag": null, "brand": 3, "name": "\u0420\u0435\u043c\u0435\u043d\u044c Gucci art001", "description": "", "price": 3490, "discount_percentage": 0, "uploaded_date": "2020-03-02T08:38:44.458Z"}}, {"model": "boutique.item", "pk": 2, "fields": {"category": 5, "subcategory": 11, "tag": null, "brand": 3, "name": "\u041a\u043e\u0448\u0435\u043b\u0451\u043a Louis Vuitton", "description": "", "price": 4490, "discount_percentage": 10, "uploaded_date": "2020-03-02T09:55:29.193Z"}}, {"model": "boutique.item", "pk": 3, "fields": {"category": 1, "subcategory": 3, "tag": null, "brand": 2, "name": "\u0428\u0435\u043b\u043a\u043e\u0432\u044b\u0439 \u043f\u043b\u0430\u0442\u043e\u043a Chanel art008", "description": "", "price": 4490, "discount_percentage": 0, "uploaded_date": "2020-03-02T10:58:55.671Z"}}, {"model": "boutique.item", "pk": 4, "fields": {"category": 1, "subcategory": 3, "tag": null, "brand": 2, "name": "\u0428\u0435\u043b\u043a\u043e\u0432\u044b\u0439 \u043f\u043b\u0430\u0442\u043e\u043a Chanel art007", "description": "", "price": 4490, "discount_percentage": 0, "uploaded_date": "2020-03-02T11:00:13.977Z"}}, {"model": "boutique.item", "pk": 5, "fields": {"category": 1, "subcategory": 3, "tag": null, "brand": 2, "name": "\u0428\u0435\u043b\u043a\u043e\u0432\u044b\u0439 \u043f\u043b\u0430\u0442\u043e\u043a Chanel art006", "description": "", "price": 4490, "discount_percentage": 0, "uploaded_date": "2020-03-02T11:09:05.990Z"}}, {"model": "boutique.item", "pk": 6, "fields": {"category": 1, "subcategory": 3, "tag": null, "brand": 8, "name": "\u0428\u0435\u043b\u043a\u043e\u0432\u044b\u0439 \u043f\u043b\u0430\u0442\u043e\u043a Hermes art005", "description": "", "price": 4490, "discount_percentage": 0, "uploaded_date": "2020-03-02T11:10:47.732Z"}}, {"model": "boutique.item", "pk": 7, "fields": {"category": 1, "subcategory": 3, "tag": null, "brand": 8, "name": "\u0428\u0435\u043b\u043a\u043e\u0432\u044b\u0439 \u043f\u043b\u0430\u0442\u043e\u043a Hermes art002", "description": "", "price": 4490, "discount_percentage": 0, "uploaded_date": "2020-03-02T11:33:19.969Z"}}, {"model": "boutique.item", "pk": 8, "fields": {"category": 1, "subcategory": 3, "tag": null, "brand": 8, "name": "\u0428\u0435\u043b\u043a\u043e\u0432\u044b\u0439 \u043f\u043b\u0430\u0442\u043e\u043a Hermes art003", "description": "", "price": 4490, "discount_percentage": 0, "uploaded_date": "2020-03-02T11:33:54.205Z"}}, {"model": "boutique.item", "pk": 9, "fields": {"category": 1, "subcategory": 3, "tag": null, "brand": 8, "name": "\u0428\u0435\u043b\u043a\u043e\u0432\u044b\u0439 \u043f\u043b\u0430\u0442\u043e\u043a Hermes art004", "description": "", "price": 4490, "discount_percentage": 0, "uploaded_date": "2020-03-02T11:34:26.193Z"}}, {"model": "boutique.item", "pk": 10, "fields": {"category": 1, "subcategory": 3, "tag": null, "brand": 2, "name": "\u0428\u0430\u0440\u0444 Chanel Art009", "description": "\u0421\u043e\u0441\u0442\u0430\u0432: 100% \u043a\u0430\u0448\u0435\u043c\u0438\u0440", "price": 4490, "discount_percentage": 0, "uploaded_date": "2020-03-02T11:39:12.288Z"}}, {"model": "boutique.item", "pk": 11, "fields": {"category": 1, "subcategory": 3, "tag": null, "brand": 6, "name": "\u041a\u0430\u0448\u0435\u043c\u0438\u0440\u043e\u0432\u044b\u0439 \u0448\u0430\u0440\u0444   art001", "description": "\u0421\u043e\u0441\u0442\u0430\u0432: 100% \u043a\u0430\u0448\u0435\u043c\u0438\u0440", "price": 4490, "discount_percentage": 0, "uploaded_date": "2020-03-02T15:22:22.916Z"}}, {"model": "boutique.item", "pk": 12, "fields": {"category": 1, "subcategory": 3, "tag": 2, "brand": 6, "name": "\u041a\u0430\u0448\u0435\u043c\u0438\u0440\u043e\u0432\u044b\u0439 \u0448\u0430\u0440\u0444 art010", "description": "\u0421\u043e\u0441\u0442\u0430\u0432: 100% \u043a\u0430\u0448\u0435\u043c\u0438\u0440", "price": 4490, "discount_percentage": 0, "uploaded_date": "2020-03-02T15:30:07.042Z"}}, {"model": "boutique.item", "pk": 13, "fields": {"category": 1, "subcategory": 3, "tag": null, "brand": 6, "name": "\u041a\u0430\u0448\u0435\u043c\u0438\u0440\u043e\u0432\u044b\u0439 \u0448\u0430\u0440\u0444 art011", "description": "\u0421\u043e\u0441\u0442\u0430\u0432: 100% \u043a\u0430\u0448\u0435\u043c\u0438\u0440", "price": 4490, "discount_percentage": 0, "uploaded_date": "2020-03-02T15:48:32.072Z"}}, {"model": "boutique.item", "pk": 14, "fields": {"category": 1, "subcategory": 3, "tag": null, "brand": 6, "name": "\u041a\u0430\u0448\u0435\u043c\u0438\u0440\u043e\u0432\u044b\u0439 \u0448\u0430\u0440\u0444 art012", "description": "\u0421\u043e\u0441\u0442\u0430\u0432: 100% \u043a\u0430\u0448\u0435\u043c\u0438\u0440", "price": 4490, "discount_percentage": 0, "uploaded_date": "2020-03-02T15:49:39.712Z"}}, {"model": "boutique.item", "pk": 15, "fields": {"category": 1, "subcategory": 3, "tag": null, "brand": 6, "name": "\u041a\u0430\u0448\u0435\u043c\u0438\u0440\u043e\u0432\u044b\u0439 \u0448\u0430\u0440\u0444 art013", "description": "\u0421\u043e\u0441\u0442\u0430\u0432: 100% \u043a\u0430\u0448\u0435\u043c\u0438\u0440", "price": 4490, "discount_percentage": 0, "uploaded_date": "2020-03-02T15:51:35.717Z"}}, {"model": "boutique.item", "pk": 16, "fields": {"category": 1, "subcategory": 3, "tag": null, "brand": 2, "name": "\u0428\u0430\u0440\u0444 Chanel art014", "description": "", "price": 4490, "discount_percentage": 0, "uploaded_date": "2020-03-02T16:13:50.226Z"}}, {"model": "boutique.item", "pk": 17, "fields": {"category": 1, "subcategory": 3, "tag": null, "brand": 2, "name": "\u0428\u0430\u0440\u0444 Chanel art015", "description": "", "price": 4490, "discount_percentage": 0, "uploaded_date": "2020-03-02T16:17:45.264Z"}}, {"model": "boutique.item", "pk": 18, "fields": {"category": 1, "subcategory": 3, "tag": null, "brand": 6, "name": "\u041a\u0430\u0448\u0435\u043c\u0438\u0440\u043e\u0432\u044b\u0439 \u0448\u0430\u0440\u0444 art016", "description": "\u0421\u043e\u0441\u0442\u0430\u0432: 100% \u043a\u0430\u0448\u0435\u043c\u0438\u0440", "price": 4490, "discount_percentage": 0, "uploaded_date": "2020-03-02T16:20:51.495Z"}}, {"model": "boutique.item", "pk": 19, "fields": {"category": 1, "subcategory": 3, "tag": null, "brand": 6, "name": "\u041a\u0430\u0448\u0435\u043c\u0438\u0440\u043e\u0432\u044b\u0439 \u0448\u0430\u0440\u0444 art017", "description": "\u0421\u043e\u0441\u0442\u0430\u0432: 100% \u043a\u0430\u0448\u0435\u043c\u0438\u0440", "price": 4490, "discount_percentage": 0, "uploaded_date": "2020-03-02T16:21:56.324Z"}}, {"model": "boutique.item", "pk": 20, "fields": {"category": 1, "subcategory": 3, "tag": null, "brand": 4, "name": "\u0428\u0430\u0440\u0444 Dior art018", "description": "", "price": 4490, "discount_percentage": 0, "uploaded_date": "2020-03-02T16:23:39.264Z"}}, {"model": "boutique.item", "pk": 21, "fields": {"category": 1, "subcategory": 3, "tag": null, "brand": 2, "name": "\u0428\u0430\u0440\u0444 Chanel art019", "description": "", "price": 4490, "discount_percentage": 0, "uploaded_date": "2020-03-02T16:24:53.025Z"}}, {"model": "boutique.item", "pk": 22, "fields": {"category": 1, "subcategory": 3, "tag": null, "brand": 4, "name": "\u0428\u0430\u0440\u0444 Dior art020", "description": "", "price": 4490, "discount_percentage": 0, "uploaded_date": "2020-03-02T16:25:54.602Z"}}, {"model": "boutique.item", "pk": 23, "fields": {"category": 1, "subcategory": 3, "tag": null, "brand": 9, "name": "\u0428\u0430\u0440\u0444 Givenchy art021", "description": "", "price": 4490, "discount_percentage": 0, "uploaded_date": "2020-03-02T16:28:03.821Z"}}, {"model": "boutique.item", "pk": 24, "fields": {"category": 1, "subcategory": 1, "tag": null, "brand": 7, "name": "\u0420\u0435\u043c\u0435\u043d\u044c Valentino art002", "description": "", "price": 3490, "discount_percentage": 0, "uploaded_date": "2020-03-02T16:55:27.509Z"}}, {"model": "boutique.item", "pk": 25, "fields": {"category": 1, "subcategory": 1, "tag": null, "brand": 3, "name": "\u0420\u0435\u043c\u0435\u043d\u044c Gucci art003", "description": "", "price": 3490, "discount_percentage": 0, "uploaded_date": "2020-03-02T16:59:18.797Z"}}, {"model": "boutique.item", "pk": 26, "fields": {"category": 1, "subcategory": 1, "tag": null, "brand": 3, "name": "\u0420\u0435\u043c\u0435\u043d\u044c Gucci art004", "description": "", "price": 3490, "discount_percentage": 0, "uploaded_date": "2020-03-02T17:00:08.141Z"}}, {"model": "boutique.item", "pk": 27, "fields": {"category": 1, "subcategory": 1, "tag": null, "brand": 3, "name": "\u0420\u0435\u043c\u0435\u043d\u044c Gucci art005", "description": "", "price": 3490, "discount_percentage": 0, "uploaded_date": "2020-03-02T17:01:24.355Z"}}, {"model": "boutique.item", "pk": 28, "fields": {"category": 1, "subcategory": 1, "tag": null, "brand": 7, "name": "\u0420\u0435\u043c\u0435\u043d\u044c Valentino art006", "description": "", "price": 3490, "discount_percentage": 0, "uploaded_date": "2020-03-02T17:02:33.006Z"}}, {"model": "boutique.item", "pk": 29, "fields": {"category": 1, "subcategory": 1, "tag": null, "brand": 4, "name": "\u0420\u0435\u043c\u0435\u043d\u044c Dior art007", "description": "", "price": 3490, "discount_percentage": 0, "uploaded_date": "2020-03-02T17:03:31.519Z"}}, {"model": "boutique.item", "pk": 30, "fields": {"category": 1, "subcategory": 1, "tag": null, "brand": 3, "name": "\u0420\u0435\u043c\u0435\u043d\u044c Gucci art008", "description": "", "price": 3490, "discount_percentage": 0, "uploaded_date": "2020-03-02T17:04:17.172Z"}}, {"model": "boutique.item", "pk": 31, "fields": {"category": 1, "subcategory": 1, "tag": null, "brand": 3, "name": "\u0420\u0435\u043c\u0435\u043d\u044c Gucci art009", "description": "", "price": 3490, "discount_percentage": 0, "uploaded_date": "2020-03-02T17:05:07.256Z"}}, {"model": "boutique.item", "pk": 32, "fields": {"category": 1, "subcategory": 1, "tag": null, "brand": 3, "name": "\u0420\u0435\u043c\u0435\u043d\u044c Gucci art010", "description": "", "price": 3490, "discount_percentage": 0, "uploaded_date": "2020-03-02T17:06:08.393Z"}}, {"model": "boutique.item", "pk": 33, "fields": {"category": 1, "subcategory": 1, "tag": null, "brand": 3, "name": "\u0420\u0435\u043c\u0435\u043d\u044c Gucci art011", "description": "", "price": 3490, "discount_percentage": 0, "uploaded_date": "2020-03-02T17:06:41.116Z"}}, {"model": "boutique.item", "pk": 34, "fields": {"category": 1, "subcategory": 1, "tag": null, "brand": 3, "name": "\u0420\u0435\u043c\u0435\u043d\u044c Gucci art012", "description": "", "price": 3490, "discount_percentage": 0, "uploaded_date": "2020-03-02T17:08:35.208Z"}}, {"model": "boutique.item", "pk": 35, "fields": {"category": 1, "subcategory": 1, "tag": null, "brand": 1, "name": "\u0420\u0435\u043c\u0435\u043d\u044c Louis Vuitton art013", "description": "", "price": 3490, "discount_percentage": 0, "uploaded_date": "2020-03-02T17:09:22.629Z"}}, {"model": "boutique.item", "pk": 36, "fields": {"category": 1, "subcategory": 1, "tag": null, "brand": 4, "name": "\u0420\u0435\u043c\u0435\u043d\u044c Dior art014", "description": "", "price": 3490, "discount_percentage": 0, "uploaded_date": "2020-03-02T17:13:17.296Z"}}, {"model": "boutique.item", "pk": 37, "fields": {"category": 1, "subcategory": 5, "tag": null, "brand": 9, "name": "\u041a\u043e\u0448\u0435\u043b\u0435\u043a Givenchy art001", "description": "", "price": 4490, "discount_percentage": 0, "uploaded_date": "2020-03-02T17:21:07.381Z"}}, {"model": "boutique.item", "pk": 38, "fields": {"category": 1, "subcategory": 5, "tag": null, "brand": 9, "name": "\u041a\u043e\u0448\u0435\u043b\u0435\u043a Givenchy art002", "description": "", "price": 4490, "discount_percentage": 0, "uploaded_date": "2020-03-02T17:22:00.278Z"}}, {"model": "boutique.item", "pk": 39, "fields": {"category": 1, "subcategory": 5, "tag": null, "brand": 9, "name": "\u041a\u043e\u0448\u0435\u043b\u0435\u043a Givenchy art003", "description": "", "price": 4490, "discount_percentage": 0, "uploaded_date": "2020-03-02T17:22:30.662Z"}}, {"model": "boutique.item", "pk": 40, "fields": {"category": 1, "subcategory": 5, "tag": null, "brand": 1, "name": "\u041a\u043e\u0448\u0435\u043b\u0435\u043a Louis Vuitton art004", "description": "", "price": 5490, "discount_percentage": 0, "uploaded_date": "2020-03-02T17:23:39.381Z"}}, {"model": "boutique.item", "pk": 41, "fields": {"category": 1, "subcategory": 5, "tag": null, "brand": 1, "name": "\u041a\u043e\u0448\u0435\u043b\u0435\u043a Louis Vuitton art005", "description": "", "price": 5490, "discount_percentage": 0, "uploaded_date": "2020-03-02T17:24:11.551Z"}}, {"model": "boutique.item", "pk": 42, "fields": {"category": 1, "subcategory": 5, "tag": null, "brand": 1, "name": "\u041a\u043e\u0448\u0435\u043b\u0435\u043a Louis Vuitton art006", "description": "", "price": 5490, "discount_percentage": 0, "uploaded_date": "2020-03-02T17:25:54.878Z"}}, {"model": "boutique.item", "pk": 43, "fields": {"category": 1, "subcategory": 5, "tag": null, "brand": 1, "name": "\u041a\u043e\u0448\u0435\u043b\u0435\u043a Louis Vuitton art007", "description": "", "price": 5490, "discount_percentage": 0, "uploaded_date": "2020-03-02T17:26:41.678Z"}}, {"model": "boutique.item", "pk": 44, "fields": {"category": 1, "subcategory": 5, "tag": null, "brand": 1, "name": "\u041a\u043e\u0448\u0435\u043b\u0435\u043a Louis Vuitton art008", "description": "", "price": 5490, "discount_percentage": 0, "uploaded_date": "2020-03-02T17:27:35.300Z"}}, {"model": "boutique.item", "pk": 45, "fields": {"category": 1, "subcategory": 5, "tag": null, "brand": 1, "name": "\u041a\u043e\u0448\u0435\u043b\u0435\u043a Louis Vuitton art009", "description": "", "price": 5490, "discount_percentage": 0, "uploaded_date": "2020-03-02T17:28:15.698Z"}}, {"model": "boutique.item", "pk": 46, "fields": {"category": 1, "subcategory": 5, "tag": null, "brand": 3, "name": "\u041a\u043e\u0448\u0435\u043b\u0435\u043a Gucci art010", "description": "", "price": 5490, "discount_percentage": 0, "uploaded_date": "2020-03-02T17:29:25.940Z"}}, {"model": "boutique.item", "pk": 47, "fields": {"category": 1, "subcategory": 2, "tag": null, "brand": 6, "name": "\u0411\u0440\u0430\u0441\u043b\u0435\u0442 art001", "description": "", "price": 2500, "discount_percentage": 0, "uploaded_date": "2020-03-02T17:48:11.157Z"}}, {"model": "boutique.item", "pk": 48, "fields": {"category": 1, "subcategory": 2, "tag": null, "brand": 6, "name": "\u041f\u043e\u0434\u0432\u0435\u0441\u043a\u0430 art002", "description": "", "price": 2500, "discount_percentage": 0, "uploaded_date": "2020-03-02T17:48:58.201Z"}}, {"model": "boutique.item", "pk": 49, "fields": {"category": 1, "subcategory": 2, "tag": null, "brand": 6, "name": "\u041a\u043e\u043b\u044c\u0446\u043e art003", "description": "", "price": 2500, "discount_percentage": 0, "uploaded_date": "2020-03-02T17:50:29.634Z"}}, {"model": "boutique.item", "pk": 50, "fields": {"category": 1, "subcategory": 2, "tag": null, "brand": 6, "name": "\u0421\u0435\u0440\u044c\u0433\u0438 art004", "description": "", "price": 2700, "discount_percentage": 0, "uploaded_date": "2020-03-02T18:01:03.693Z"}}, {"model": "boutique.item", "pk": 51, "fields": {"category": 1, "subcategory": 2, "tag": null, "brand": 6, "name": "\u0411\u0440\u0430\u0441\u043b\u0435\u0442 art005", "description": "", "price": 2000, "discount_percentage": 0, "uploaded_date": "2020-03-02T18:02:22.081Z"}}, {"model": "boutique.item", "pk": 52, "fields": {"category": 1, "subcategory": 2, "tag": null, "brand": 10, "name": "\u041f\u043e\u0434\u0432\u0435\u0441\u043a\u0430 Celine art006", "description": "\u041d\u0430\u043b\u0438\u0447\u0438\u0435 \u0431\u0443\u043a\u0432 \u0443\u0442\u043e\u0447\u043d\u044f\u0439\u0442\u0435 \u0443 \u043c\u0435\u043d\u0435\u0434\u0436\u0435\u0440\u0430", "price": 4500, "discount_percentage": 0, "uploaded_date": "2020-03-02T18:04:50.394Z"}}, {"model": "boutique.item", "pk": 53, "fields": {"category": 1, "subcategory": 2, "tag": null, "brand": 6, "name": "\u0411\u0443\u0441\u044b \u0432 \u0441\u0442\u0438\u043b\u0435 Chanel art007", "description": "", "price": 4500, "discount_percentage": 0, "uploaded_date": "2020-03-02T18:06:40.116Z"}}, {"model": "boutique.item", "pk": 54, "fields": {"category": 1, "subcategory": 2, "tag": null, "brand": 6, "name": "\u041a\u043e\u043b\u044c\u0446\u043e art008", "description": "", "price": 2500, "discount_percentage": 0, "uploaded_date": "2020-03-02T18:08:14.577Z"}}, {"model": "boutique.item", "pk": 55, "fields": {"category": 1, "subcategory": 2, "tag": null, "brand": 10, "name": "\u041c\u043e\u043d\u043e \u0441\u0435\u0440\u044c\u0433\u0430 art009", "description": "", "price": 2500, "discount_percentage": 0, "uploaded_date": "2020-03-02T18:09:33.976Z"}}, {"model": "boutique.item", "pk": 56, "fields": {"category": 1, "subcategory": 2, "tag": null, "brand": 6, "name": "\u041f\u043e\u0434\u0432\u0435\u0441\u043a\u0430 art010", "description": "", "price": 2500, "discount_percentage": 0, "uploaded_date": "2020-03-02T18:11:04.017Z"}}, {"model": "boutique.item", "pk": 57, "fields": {"category": 1, "subcategory": 2, "tag": null, "brand": 6, "name": "\u0421\u0435\u0440\u044c\u0433\u0438 art011", "description": "", "price": 1500, "discount_percentage": 0, "uploaded_date": "2020-03-02T18:12:01.907Z"}}, {"model": "boutique.item", "pk": 58, "fields": {"category": 1, "subcategory": 2, "tag": null, "brand": 6, "name": "\u0421\u0435\u0440\u044c\u0433\u0438 art12", "description": "", "price": 2700, "discount_percentage": 0, "uploaded_date": "2020-03-02T18:13:05.044Z"}}, {"model": "boutique.item", "pk": 59, "fields": {"category": 1, "subcategory": 2, "tag": null, "brand": 6, "name": "\u0421\u0435\u0440\u044c\u0433\u0438 art014", "description": "", "price": 2500, "discount_percentage": 0, "uploaded_date": "2020-03-02T18:13:47.389Z"}}, {"model": "boutique.item", "pk": 60, "fields": {"category": 1, "subcategory": 2, "tag": null, "brand": 6, "name": "\u0421\u0435\u0440\u044c\u0433\u0438 art015", "description": "", "price": 2500, "discount_percentage": 0, "uploaded_date": "2020-03-02T18:15:08.529Z"}}, {"model": "boutique.item", "pk": 61, "fields": {"category": 1, "subcategory": 2, "tag": null, "brand": 6, "name": "\u0421\u0435\u0440\u044c\u0433\u0438 art016", "description": "", "price": 2700, "discount_percentage": 0, "uploaded_date": "2020-03-02T18:15:39.174Z"}}, {"model": "boutique.item", "pk": 62, "fields": {"category": 1, "subcategory": 2, "tag": null, "brand": 6, "name": "\u0421\u0435\u0440\u044c\u0433\u0438 art017", "description": "", "price": 2500, "discount_percentage": 0, "uploaded_date": "2020-03-02T18:17:26.701Z"}}, {"model": "boutique.item", "pk": 63, "fields": {"category": 1, "subcategory": 2, "tag": null, "brand": 6, "name": "\u0421\u0435\u0440\u044c\u0433\u0438 art018", "description": "", "price": 2500, "discount_percentage": 0, "uploaded_date": "2020-03-02T18:17:55.573Z"}}, {"model": "boutique.item", "pk": 64, "fields": {"category": 1, "subcategory": 2, "tag": null, "brand": 6, "name": "\u0421\u0435\u0440\u044c\u0433\u0438 art019", "description": "", "price": 2500, "discount_percentage": 0, "uploaded_date": "2020-03-02T18:18:33.263Z"}}, {"model": "boutique.item", "pk": 65, "fields": {"category": 1, "subcategory": 2, "tag": null, "brand": 6, "name": "\u0421\u0435\u0440\u044c\u0433\u0438 art020", "description": "", "price": 2500, "discount_percentage": 0, "uploaded_date": "2020-03-02T18:20:31.706Z"}}, {"model": "boutique.item", "pk": 66, "fields": {"category": 1, "subcategory": 2, "tag": null, "brand": 6, "name": "\u0421\u0435\u0440\u044c\u0433\u0438 art021", "description": "", "price": 1990, "discount_percentage": 0, "uploaded_date": "2020-03-02T18:21:03.215Z"}}, {"model": "boutique.item", "pk": 67, "fields": {"category": 1, "subcategory": 2, "tag": null, "brand": 6, "name": "\u0421\u0435\u0440\u044c\u0433\u0438 art022", "description": "", "price": 1990, "discount_percentage": 0, "uploaded_date": "2020-03-02T18:21:58.886Z"}}, {"model": "boutique.item", "pk": 68, "fields": {"category": 1, "subcategory": 2, "tag": null, "brand": 6, "name": "\u0421\u0435\u0440\u044c\u0433\u0438 art023", "description": "", "price": 2700, "discount_percentage": 0, "uploaded_date": "2020-03-02T18:22:50.090Z"}}, {"model": "boutique.item", "pk": 69, "fields": {"category": 1, "subcategory": 2, "tag": null, "brand": 6, "name": "\u041a\u043e\u043b\u044c\u0446\u043e art024", "description": "", "price": 2500, "discount_percentage": 0, "uploaded_date": "2020-03-02T18:23:38.566Z"}}, {"model": "boutique.item", "pk": 70, "fields": {"category": 1, "subcategory": 2, "tag": null, "brand": 6, "name": "\u0421\u0435\u0440\u044c\u0433\u0438 art25", "description": "", "price": 2500, "discount_percentage": 0, "uploaded_date": "2020-03-02T18:24:29.751Z"}}, {"model": "boutique.item", "pk": 71, "fields": {"category": 1, "subcategory": 2, "tag": null, "brand": 6, "name": "\u0421\u0435\u0440\u044c\u0433\u0438 art026", "description": "", "price": 2500, "discount_percentage": 0, "uploaded_date": "2020-03-02T18:24:56.860Z"}}, {"model": "boutique.item", "pk": 72, "fields": {"category": 1, "subcategory": 2, "tag": null, "brand": 6, "name": "\u0411\u0440\u0430\u0441\u043b\u0435\u0442 art027", "description": "", "price": 2000, "discount_percentage": 0, "uploaded_date": "2020-03-02T18:27:17.539Z"}}, {"model": "boutique.item", "pk": 73, "fields": {"category": 1, "subcategory": 2, "tag": null, "brand": 6, "name": "\u0411\u0440\u0430\u0441\u043b\u0435\u0442 art028", "description": "", "price": 2000, "discount_percentage": 0, "uploaded_date": "2020-03-02T18:27:42.846Z"}}, {"model": "boutique.item", "pk": 74, "fields": {"category": 1, "subcategory": 2, "tag": null, "brand": 6, "name": "\u0411\u0440\u0430\u0441\u043b\u0435\u0442 art029", "description": "", "price": 1500, "discount_percentage": 0, "uploaded_date": "2020-03-02T18:36:02.479Z"}}, {"model": "boutique.item", "pk": 75, "fields": {"category": 1, "subcategory": 2, "tag": null, "brand": 6, "name": "\u0411\u0440\u0430\u0441\u043b\u0435\u0442 art030", "description": "", "price": 1500, "discount_percentage": 0, "uploaded_date": "2020-03-02T18:36:35.372Z"}}, {"model": "boutique.item", "pk": 76, "fields": {"category": 1, "subcategory": 2, "tag": null, "brand": 6, "name": "\u0411\u0443\u0441\u044b art031", "description": "", "price": 4500, "discount_percentage": 0, "uploaded_date": "2020-03-02T19:21:44.726Z"}}, {"model": "boutique.item", "pk": 77, "fields": {"category": 1, "subcategory": 2, "tag": null, "brand": 6, "name": "\u041f\u043e\u0434\u0432\u0435\u0441\u043a\u0430 art032", "description": "", "price": 2000, "discount_percentage": 0, "uploaded_date": "2020-03-02T19:24:01.777Z"}}, {"model": "boutique.item", "pk": 78, "fields": {"category": 1, "subcategory": 2, "tag": null, "brand": 6, "name": "\u0417\u0430\u043a\u043e\u043b\u043aa art33", "description": "", "price": 1200, "discount_percentage": 0, "uploaded_date": "2020-03-02T19:25:08.934Z"}}, {"model": "boutique.item", "pk": 79, "fields": {"category": 1, "subcategory": 2, "tag": null, "brand": 6, "name": "\u041f\u043e\u0434\u0432\u0435\u0441\u043a\u0430 art034", "description": "", "price": 2000, "discount_percentage": 0, "uploaded_date": "2020-03-02T19:32:57.559Z"}}, {"model": "boutique.item", "pk": 80, "fields": {"category": 1, "subcategory": 2, "tag": null, "brand": 6, "name": "\u0421\u0435\u0440\u044c\u0433\u0438 art035", "description": "", "price": 2500, "discount_percentage": 0, "uploaded_date": "2020-03-02T19:34:52.695Z"}}, {"model": "boutique.item", "pk": 81, "fields": {"category": 1, "subcategory": 2, "tag": null, "brand": 6, "name": "\u0421\u0435\u0440\u044c\u0433\u0438 art036", "description": "", "price": 2500, "discount_percentage": 0, "uploaded_date": "2020-03-02T19:36:08.981Z"}}, {"model": "boutique.item", "pk": 82, "fields": {"category": 1, "subcategory": 2, "tag": null, "brand": 6, "name": "\u041a\u043e\u043b\u044c\u0446\u043e art037", "description": "", "price": 2500, "discount_percentage": 0, "uploaded_date": "2020-03-02T19:40:00.096Z"}}, {"model": "boutique.item", "pk": 83, "fields": {"category": 1, "subcategory": 2, "tag": null, "brand": 6, "name": "\u0421\u0435\u0440\u044c\u0433\u0438 art038", "description": "", "price": 2500, "discount_percentage": 0, "uploaded_date": "2020-03-02T19:41:50.566Z"}}, {"model": "boutique.item", "pk": 84, "fields": {"category": 1, "subcategory": 2, "tag": null, "brand": 6, "name": "\u0421\u0435\u0440\u044c\u0433\u0438 art039", "description": "", "price": 2000, "discount_percentage": 0, "uploaded_date": "2020-03-02T19:45:33.032Z"}}, {"model": "boutique.item", "pk": 85, "fields": {"category": 1, "subcategory": 2, "tag": null, "brand": 6, "name": "\u0421\u0435\u0440\u044c\u0433\u0438 art040", "description": "", "price": 2000, "discount_percentage": 0, "uploaded_date": "2020-03-02T19:46:22.884Z"}}, {"model": "boutique.item", "pk": 86, "fields": {"category": 1, "subcategory": 2, "tag": null, "brand": 6, "name": "\u0421\u0435\u0440\u044c\u0433\u0438 art041", "description": "", "price": 2000, "discount_percentage": 0, "uploaded_date": "2020-03-02T19:46:58.849Z"}}, {"model": "boutique.item", "pk": 87, "fields": {"category": 1, "subcategory": 2, "tag": null, "brand": 6, "name": "\u0411\u0440\u0430\u0441\u043b\u0435\u0442 art042", "description": "", "price": 2490, "discount_percentage": 0, "uploaded_date": "2020-03-02T19:47:56.561Z"}}, {"model": "boutique.item", "pk": 88, "fields": {"category": 1, "subcategory": 2, "tag": null, "brand": 6, "name": "\u0421\u0435\u0440\u044c\u0433\u0438 art043", "description": "", "price": 2500, "discount_percentage": 0, "uploaded_date": "2020-03-02T19:50:23.570Z"}}, {"model": "boutique.item", "pk": 89, "fields": {"category": 1, "subcategory": 2, "tag": null, "brand": 6, "name": "\u041a\u043e\u043b\u044c\u0446\u043e art044", "description": "", "price": 2990, "discount_percentage": 0, "uploaded_date": "2020-03-02T19:51:21.356Z"}}, {"model": "boutique.item", "pk": 90, "fields": {"category": 1, "subcategory": 2, "tag": null, "brand": 6, "name": "\u0411\u0440\u0430\u0441\u043b\u0435\u0442 art048", "description": "", "price": 2990, "discount_percentage": 0, "uploaded_date": "2020-03-02T19:53:54.590Z"}}, {"model": "boutique.item", "pk": 91, "fields": {"category": 1, "subcategory": 2, "tag": null, "brand": 6, "name": "\u0411\u0440\u0430\u0441\u043b\u0435\u0442 art049", "description": "", "price": 2990, "discount_percentage": 0, "uploaded_date": "2020-03-02T19:54:21.934Z"}}, {"model": "boutique.item", "pk": 92, "fields": {"category": 1, "subcategory": 2, "tag": null, "brand": 6, "name": "\u0411\u0440\u0430\u0441\u043b\u0435\u0442 art050", "description": "", "price": 2990, "discount_percentage": 0, "uploaded_date": "2020-03-02T19:55:29.051Z"}}, {"model": "boutique.item", "pk": 93, "fields": {"category": 1, "subcategory": 2, "tag": null, "brand": 6, "name": "\u0411\u0440\u0430\u0441\u043b\u0435\u0442 art051", "description": "", "price": 2990, "discount_percentage": 0, "uploaded_date": "2020-03-02T19:55:57.466Z"}}, {"model": "boutique.item", "pk": 94, "fields": {"category": 1, "subcategory": 2, "tag": null, "brand": 6, "name": "\u0421\u0435\u0440\u044c\u0433\u0438 art052", "description": "", "price": 2000, "discount_percentage": 0, "uploaded_date": "2020-03-02T19:58:43.234Z"}}, {"model": "boutique.item", "pk": 95, "fields": {"category": 1, "subcategory": 2, "tag": null, "brand": 6, "name": "\u0421\u0435\u0440\u044c\u0433\u0438 art053", "description": "", "price": 2990, "discount_percentage": 0, "uploaded_date": "2020-03-02T20:01:18.488Z"}}, {"model": "boutique.item", "pk": 96, "fields": {"category": 1, "subcategory": 2, "tag": null, "brand": 6, "name": "\u041f\u043e\u0434\u0432\u0435\u0441\u043a\u0430 art054", "description": "", "price": 3490, "discount_percentage": 0, "uploaded_date": "2020-03-02T20:07:22.290Z"}}, {"model": "boutique.item", "pk": 97, "fields": {"category": 1, "subcategory": 2, "tag": null, "brand": 6, "name": "\u0421\u0435\u0440\u044c\u0433\u0438 art055", "description": "", "price": 3990, "discount_percentage": 0, "uploaded_date": "2020-03-02T20:09:29.746Z"}}, {"model": "boutique.item", "pk": 98, "fields": {"category": 1, "subcategory": 2, "tag": null, "brand": 6, "name": "\u0421\u0435\u0440\u044c\u0433\u0438 art056", "description": "", "price": 3990, "discount_percentage": 0, "uploaded_date": "2020-03-02T20:10:31.903Z"}}, {"model": "boutique.item", "pk": 99, "fields": {"category": 1, "subcategory": 2, "tag": null, "brand": 6, "name": "\u0411\u0440\u0430\u0441\u043b\u0435\u0442 art057", "description": "", "price": 2490, "discount_percentage": 0, "uploaded_date": "2020-03-02T20:12:02.769Z"}}, {"model": "boutique.indexcarousel", "pk": 1, "fields": {"title": "Welcome to VA Boutique!", "description": "\u0421\u0442\u0438\u043b\u044c\u043d\u0430\u044f \u043e\u0434\u0435\u0436\u0434\u0430 \u0438 \u0430\u043a\u0441\u0435\u0441\u0441\u0443\u0430\u0440\u044b \u043f\u0440\u0435\u043c\u0438\u0443\u043c \u043a\u0430\u0447\u0435\u0441\u0442\u0432\u0430 \u043f\u043e \u0434\u043e\u0441\u0442\u0443\u043f\u043d\u044b\u043c \u0446\u0435\u043d\u0430\u043c!", "image": "index_carousel_images/women_acs0_CYEe6I2.jpeg", "uploaded_date": "2020-03-02T06:03:23.497Z"}}, {"model": "boutique.indexcarousel", "pk": 2, "fields": {"title": "\u0422\u043e\u0432\u0430\u0440\u044b \u0441\u043e \u0441\u043a\u0438\u0434\u043a\u043e\u0439!", "description": "\u0421\u0435\u0437\u043e\u043d\u043d\u044b\u0435 \u043f\u0440\u0435\u0434\u043b\u043e\u0436\u0435\u043d\u0438\u044f \u043f\u043e \u0432\u044b\u0433\u043e\u0434\u043d\u044b\u043c \u0446\u0435\u043d\u0430\u043c!", "image": "index_carousel_images/index-carousel-sales_yoObLxB.jpg", "uploaded_date": "2020-03-02T06:04:19.137Z"}}, {"model": "boutique.itemimage", "pk": 1, "fields": {"item": 2, "image": "itemimages/1-5490.jpg"}}, {"model": "boutique.itemimage", "pk": 2, "fields": {"item": 1, "image": "itemimages/7-3499.jpeg"}}, {"model": "boutique.itemimage", "pk": 3, "fields": {"item": 3, "image": "itemimages/2-4490.jpg"}}, {"model": "boutique.itemimage", "pk": 4, "fields": {"item": 4, "image": "itemimages/4-4490.jpg"}}, {"model": "boutique.itemimage", "pk": 5, "fields": {"item": 5, "image": "itemimages/7-4490.jpg"}}, {"model": "boutique.itemimage", "pk": 6, "fields": {"item": 6, "image": "itemimages/1-4490.jpg"}}, {"model": "boutique.itemimage", "pk": 7, "fields": {"item": 7, "image": "itemimages/3-4490.jpg"}}, {"model": "boutique.itemimage", "pk": 8, "fields": {"item": 8, "image": "itemimages/5-4490.jpg"}}, {"model": "boutique.itemimage", "pk": 9, "fields": {"item": 9, "image": "itemimages/6-4490.jpg"}}, {"model": "boutique.itemimage", "pk": 10, "fields": {"item": 10, "image": "itemimages/8-4490.jpg"}}, {"model": "boutique.itemimage", "pk": 11, "fields": {"item": 11, "image": "itemimages/9-2-4490.JPG"}}, {"model": "boutique.itemimage", "pk": 12, "fields": {"item": 11, "image": "itemimages/9-1-4490.JPG"}}, {"model": "boutique.itemimage", "pk": 13, "fields": {"item": 12, "image": "itemimages/10-1-4490.JPG"}}, {"model": "boutique.itemimage", "pk": 14, "fields": {"item": 12, "image": "itemimages/10-2-4490.JPG"}}, {"model": "boutique.itemimage", "pk": 15, "fields": {"item": 13, "image": "itemimages/11-1-4490.JPG"}}, {"model": "boutique.itemimage", "pk": 16, "fields": {"item": 13, "image": "itemimages/11-2-4490.JPG"}}, {"model": "boutique.itemimage", "pk": 17, "fields": {"item": 14, "image": "itemimages/12-1-4490.JPG"}}, {"model": "boutique.itemimage", "pk": 18, "fields": {"item": 14, "image": "itemimages/12-2-4490.JPG"}}, {"model": "boutique.itemimage", "pk": 19, "fields": {"item": 15, "image": "itemimages/13-1-4490.JPG"}}, {"model": "boutique.itemimage", "pk": 20, "fields": {"item": 15, "image": "itemimages/13-2-4490.JPG"}}, {"model": "boutique.itemimage", "pk": 21, "fields": {"item": 16, "image": "itemimages/14-1-4490.JPG"}}, {"model": "boutique.itemimage", "pk": 22, "fields": {"item": 16, "image": "itemimages/14-2-4490.JPG"}}, {"model": "boutique.itemimage", "pk": 23, "fields": {"item": 17, "image": "itemimages/15-1-4490.JPG"}}, {"model": "boutique.itemimage", "pk": 24, "fields": {"item": 17, "image": "itemimages/15-2-4490.JPG"}}, {"model": "boutique.itemimage", "pk": 25, "fields": {"item": 18, "image": "itemimages/16-1-4490.jpg"}}, {"model": "boutique.itemimage", "pk": 26, "fields": {"item": 18, "image": "itemimages/16-2-4490.JPG"}}, {"model": "boutique.itemimage", "pk": 27, "fields": {"item": 19, "image": "itemimages/17-1-4490.JPG"}}, {"model": "boutique.itemimage", "pk": 28, "fields": {"item": 19, "image": "itemimages/17-2-4490.JPG"}}, {"model": "boutique.itemimage", "pk": 29, "fields": {"item": 20, "image": "itemimages/18-1-4490.JPG"}}, {"model": "boutique.itemimage", "pk": 30, "fields": {"item": 20, "image": "itemimages/18-2-4490.JPG"}}, {"model": "boutique.itemimage", "pk": 31, "fields": {"item": 21, "image": "itemimages/19-1-4490.JPG"}}, {"model": "boutique.itemimage", "pk": 32, "fields": {"item": 22, "image": "itemimages/20-1-4490.jpg"}}, {"model": "boutique.itemimage", "pk": 33, "fields": {"item": 22, "image": "itemimages/20-2-4490.jpg"}}, {"model": "boutique.itemimage", "pk": 34, "fields": {"item": 23, "image": "itemimages/21-1-4490.JPG"}}, {"model": "boutique.itemimage", "pk": 35, "fields": {"item": 23, "image": "itemimages/21-2-4490.JPG"}}, {"model": "boutique.itemimage", "pk": 36, "fields": {"item": 24, "image": "itemimages/1-1-3499.jpeg"}}, {"model": "boutique.itemimage", "pk": 37, "fields": {"item": 24, "image": "itemimages/1-2_-_3499.jpeg"}}, {"model": "boutique.itemimage", "pk": 38, "fields": {"item": 25, "image": "itemimages/3-3500.jpeg"}}, {"model": "boutique.itemimage", "pk": 39, "fields": {"item": 26, "image": "itemimages/4-3500.jpeg"}}, {"model": "boutique.itemimage", "pk": 40, "fields": {"item": 27, "image": "itemimages/5-3500.jpeg"}}, {"model": "boutique.itemimage", "pk": 41, "fields": {"item": 28, "image": "itemimages/6-1-3499.jpeg"}}, {"model": "boutique.itemimage", "pk": 42, "fields": {"item": 28, "image": "itemimages/6-2-3499.jpeg"}}, {"model": "boutique.itemimage", "pk": 43, "fields": {"item": 29, "image": "itemimages/8-3499.jpeg"}}, {"model": "boutique.itemimage", "pk": 44, "fields": {"item": 30, "image": "itemimages/9-3499.jpeg"}}, {"model": "boutique.itemimage", "pk": 45, "fields": {"item": 31, "image": "itemimages/10-3499.jpeg"}}, {"model": "boutique.itemimage", "pk": 46, "fields": {"item": 32, "image": "itemimages/11-3499.jpeg"}}, {"model": "boutique.itemimage", "pk": 47, "fields": {"item": 33, "image": "itemimages/12-3499.jpeg"}}, {"model": "boutique.itemimage", "pk": 48, "fields": {"item": 34, "image": "itemimages/13-3499.jpeg"}}, {"model": "boutique.itemimage", "pk": 49, "fields": {"item": 35, "image": "itemimages/14-3499.jpeg"}}, {"model": "boutique.itemimage", "pk": 50, "fields": {"item": 36, "image": "itemimages/15-3490.jpg"}}, {"model": "boutique.itemimage", "pk": 51, "fields": {"item": 37, "image": "itemimages/7-4490.jpeg"}}, {"model": "boutique.itemimage", "pk": 52, "fields": {"item": 38, "image": "itemimages/8-4490.jpeg"}}, {"model": "boutique.itemimage", "pk": 53, "fields": {"item": 39, "image": "itemimages/9-4490.jpeg"}}, {"model": "boutique.itemimage", "pk": 54, "fields": {"item": 40, "image": "itemimages/1-5490_GXEkdI6.jpg"}}, {"model": "boutique.itemimage", "pk": 55, "fields": {"item": 41, "image": "itemimages/2-5490.jpg"}}, {"model": "boutique.itemimage", "pk": 56, "fields": {"item": 42, "image": "itemimages/3-5490.jpg"}}, {"model": "boutique.itemimage", "pk": 57, "fields": {"item": 43, "image": "itemimages/4-5490.jpg"}}, {"model": "boutique.itemimage", "pk": 58, "fields": {"item": 44, "image": "itemimages/5-5490.jpg"}}, {"model": "boutique.itemimage", "pk": 59, "fields": {"item": 45, "image": "itemimages/6-5490.jpg"}}, {"model": "boutique.itemimage", "pk": 60, "fields": {"item": 46, "image": "itemimages/10-1-5490.jpeg"}}, {"model": "boutique.itemimage", "pk": 61, "fields": {"item": 46, "image": "itemimages/10-2-5490.jpeg"}}, {"model": "boutique.itemimage", "pk": 62, "fields": {"item": 46, "image": "itemimages/10-3-5490.jpeg"}}, {"model": "boutique.itemimage", "pk": 63, "fields": {"item": 47, "image": "itemimages/1-2500.jpg"}}, {"model": "boutique.itemimage", "pk": 64, "fields": {"item": 48, "image": "itemimages/2-2500.jpg"}}, {"model": "boutique.itemimage", "pk": 65, "fields": {"item": 49, "image": "itemimages/3-2500.jpg"}}, {"model": "boutique.itemimage", "pk": 66, "fields": {"item": 50, "image": "itemimages/4-2700.jpg"}}, {"model": "boutique.itemimage", "pk": 67, "fields": {"item": 51, "image": "itemimages/5-2000.jpg"}}, {"model": "boutique.itemimage", "pk": 68, "fields": {"item": 52, "image": "itemimages/6_-4500.jpg"}}, {"model": "boutique.itemimage", "pk": 69, "fields": {"item": 53, "image": "itemimages/7-4500.jpeg"}}, {"model": "boutique.itemimage", "pk": 70, "fields": {"item": 54, "image": "itemimages/8-1-2500.jpg"}}, {"model": "boutique.itemimage", "pk": 71, "fields": {"item": 54, "image": "itemimages/8-2_-2500.jpg"}}, {"model": "boutique.itemimage", "pk": 72, "fields": {"item": 55, "image": "itemimages/9-2500.jpg"}}, {"model": "boutique.itemimage", "pk": 73, "fields": {"item": 56, "image": "itemimages/10-1-2500.jpeg"}}, {"model": "boutique.itemimage", "pk": 74, "fields": {"item": 56, "image": "itemimages/10-2-2500.jpg"}}, {"model": "boutique.itemimage", "pk": 75, "fields": {"item": 57, "image": "itemimages/11-1-1500.jpg"}}, {"model": "boutique.itemimage", "pk": 76, "fields": {"item": 57, "image": "itemimages/11-2-1500.jpg"}}, {"model": "boutique.itemimage", "pk": 77, "fields": {"item": 58, "image": "itemimages/12-2700.jpg"}}, {"model": "boutique.itemimage", "pk": 78, "fields": {"item": 59, "image": "itemimages/14-2500.jpeg"}}, {"model": "boutique.itemimage", "pk": 79, "fields": {"item": 60, "image": "itemimages/15-2500.jpeg"}}, {"model": "boutique.itemimage", "pk": 80, "fields": {"item": 61, "image": "itemimages/16-2700.jpeg"}}, {"model": "boutique.itemimage", "pk": 81, "fields": {"item": 62, "image": "itemimages/17-2700.jpeg"}}, {"model": "boutique.itemimage", "pk": 82, "fields": {"item": 63, "image": "itemimages/18-2700.jpeg"}}, {"model": "boutique.itemimage", "pk": 83, "fields": {"item": 64, "image": "itemimages/19-2700.jpeg"}}, {"model": "boutique.itemimage", "pk": 84, "fields": {"item": 65, "image": "itemimages/20-2500.jpeg"}}, {"model": "boutique.itemimage", "pk": 85, "fields": {"item": 66, "image": "itemimages/21-1990.jpeg"}}, {"model": "boutique.itemimage", "pk": 86, "fields": {"item": 67, "image": "itemimages/22-1990.jpeg"}}, {"model": "boutique.itemimage", "pk": 87, "fields": {"item": 68, "image": "itemimages/23-2700.jpeg"}}, {"model": "boutique.itemimage", "pk": 88, "fields": {"item": 69, "image": "itemimages/24-2500.jpg"}}, {"model": "boutique.itemimage", "pk": 89, "fields": {"item": 70, "image": "itemimages/25-2500.jpeg"}}, {"model": "boutique.itemimage", "pk": 90, "fields": {"item": 71, "image": "itemimages/26-2500.jpeg"}}, {"model": "boutique.itemimage", "pk": 91, "fields": {"item": 72, "image": "itemimages/27-2000.jpeg"}}, {"model": "boutique.itemimage", "pk": 92, "fields": {"item": 73, "image": "itemimages/28-2000.jpeg"}}, {"model": "boutique.itemimage", "pk": 93, "fields": {"item": 74, "image": "itemimages/29-1500.jpeg"}}, {"model": "boutique.itemimage", "pk": 94, "fields": {"item": 75, "image": "itemimages/30-1500.jpeg"}}, {"model": "boutique.itemimage", "pk": 95, "fields": {"item": 76, "image": "itemimages/31-4500.jpeg"}}, {"model": "boutique.itemimage", "pk": 96, "fields": {"item": 77, "image": "itemimages/32-2000.jpg"}}, {"model": "boutique.itemimage", "pk": 97, "fields": {"item": 78, "image": "itemimages/33-1200.jpeg"}}, {"model": "boutique.itemimage", "pk": 98, "fields": {"item": 79, "image": "itemimages/34-1-2000.jpeg"}}, {"model": "boutique.itemimage", "pk": 99, "fields": {"item": 79, "image": "itemimages/34-2-2000.jpeg"}}, {"model": "boutique.itemimage", "pk": 100, "fields": {"item": 80, "image": "itemimages/35-2500.jpg"}}, {"model": "boutique.itemimage", "pk": 101, "fields": {"item": 81, "image": "itemimages/36-2500.jpeg"}}, {"model": "boutique.itemimage", "pk": 102, "fields": {"item": 82, "image": "itemimages/37-1-2500.jpeg"}}, {"model": "boutique.itemimage", "pk": 103, "fields": {"item": 82, "image": "itemimages/37-2-2500.jpeg"}}, {"model": "boutique.itemimage", "pk": 104, "fields": {"item": 83, "image": "itemimages/38-2500.jpg"}}, {"model": "boutique.itemimage", "pk": 105, "fields": {"item": 84, "image": "itemimages/39_-_2000.jpeg"}}, {"model": "boutique.itemimage", "pk": 106, "fields": {"item": 85, "image": "itemimages/40_-_2000.jpeg"}}, {"model": "boutique.itemimage", "pk": 107, "fields": {"item": 86, "image": "itemimages/41-2000.jpeg"}}, {"model": "boutique.itemimage", "pk": 108, "fields": {"item": 87, "image": "itemimages/42-2490.jpeg"}}, {"model": "boutique.itemimage", "pk": 109, "fields": {"item": 88, "image": "itemimages/43-3490.jpeg"}}, {"model": "boutique.itemimage", "pk": 110, "fields": {"item": 89, "image": "itemimages/44-2-2990.jpeg"}}, {"model": "boutique.itemimage", "pk": 111, "fields": {"item": 89, "image": "itemimages/44-1-2990.jpeg"}}, {"model": "boutique.itemimage", "pk": 112, "fields": {"item": 90, "image": "itemimages/48-2990.jpeg"}}, {"model": "boutique.itemimage", "pk": 113, "fields": {"item": 91, "image": "itemimages/49-2990.jpeg"}}, {"model": "boutique.itemimage", "pk": 114, "fields": {"item": 92, "image": "itemimages/50-2990.jpeg"}}, {"model": "boutique.itemimage", "pk": 115, "fields": {"item": 93, "image": "itemimages/51-2990.jpeg"}}, {"model": "boutique.itemimage", "pk": 116, "fields": {"item": 94, "image": "itemimages/52-2000.jpeg"}}, {"model": "boutique.itemimage", "pk": 117, "fields": {"item": 95, "image": "itemimages/53-2990.jpeg"}}, {"model": "boutique.itemimage", "pk": 118, "fields": {"item": 96, "image": "itemimages/54-1-3490.jpeg"}}, {"model": "boutique.itemimage", "pk": 119, "fields": {"item": 96, "image": "itemimages/54-2-3490.jpeg"}}, {"model": "boutique.itemimage", "pk": 120, "fields": {"item": 96, "image": "itemimages/54-3-3490.jpeg"}}, {"model": "boutique.itemimage", "pk": 121, "fields": {"item": 96, "image": "itemimages/54-4-3490.jpeg"}}, {"model": "boutique.itemimage", "pk": 122, "fields": {"item": 96, "image": "itemimages/54-5-3490.jpeg"}}, {"model": "boutique.itemimage", "pk": 123, "fields": {"item": 97, "image": "itemimages/55-3990.jpeg"}}, {"model": "boutique.itemimage", "pk": 124, "fields": {"item": 98, "image": "itemimages/56-2-3990.jpeg"}}, {"model": "boutique.itemimage", "pk": 125, "fields": {"item": 98, "image": "itemimages/56-1-3990.jpeg"}}, {"model": "boutique.itemimage", "pk": 126, "fields": {"item": 99, "image": "itemimages/57-1-2490.jpeg"}}, {"model": "boutique.itemimage", "pk": 127, "fields": {"item": 99, "image": "itemimages/57-2-2490.jpeg"}}, {"model": "boutique.itemimage", "pk": 128, "fields": {"item": 99, "image": "itemimages/57-3-2490.jpeg"}}, {"model": "wishlist.wishlist", "pk": 1, "fields": {"profile": 1, "slug": "admins-wish-list", "items": [3]}}, {"model": "shopping.orderitem", "pk": 1, "fields": {"item": 3, "date_added": "2020-03-02T11:55:10.520Z"}}, {"model": "shopping.orderitem", "pk": 2, "fields": {"item": 5, "date_added": "2020-03-02T11:57:57.641Z"}}, {"model": "shopping.order", "pk": 1, "fields": {"profile": 1, "is_ordered": false, "date_ordered": "2020-03-01T08:35:13.771Z", "ref_number": "Admin's shopping bag", "active": false, "items": []}}, {"model": "shopping.order", "pk": 2, "fields": {"profile": 1, "is_ordered": false, "date_ordered": "2020-03-02T11:57:57.650Z", "ref_number": "admin's shopping bag", "active": false, "items": [1, 2]}}, {"model": "shopping.anonymousorder", "pk": 1, "fields": {"ref_number": "UN020320-75XN", "item": 1, "customer_name": "Alyoshinka", "customer_location": "somewhere", "customer_phone": "342131241241", "customer_email": "don_lee@me.com", "date_ordered": "2020-03-02T10:45:29.271Z", "active": true}}, {"model": "mailer.message", "pk": 1, "fields": {"message_data": "gANjZGphbmdvLmNvcmUubWFpbC5tZXNzYWdlCkVtYWlsTWVzc2FnZQpxACmBcQF9cQIoWAIAAAB0\nb3EDXXEEWA4AAABkb25fbGVlQG1lLmNvbXEFYVgCAAAAY2NxBl1xB1gDAAAAYmNjcQhdcQlYCAAA\nAHJlcGx5X3RvcQpdcQtYCgAAAGZyb21fZW1haWxxDFgjAAAAVkEtQm91dGlxdWUgPG9yZGVyQHZh\nLWJvdXRpcXVlLmNvbT5xDVgHAAAAc3ViamVjdHEOWDEAAABWQSBCT1VUSVFVRSAtINCd0J7QktCr\n0Jkg0JfQkNCa0JDQlyBWSVAwMjAzMjAtTlNOcQ9YBAAAAGJvZHlxEFhAAQAA0JfQtNGA0LDQstGB\n0YLQstGD0LnRgtC1IFZJUCBTZXh5LWJlYWNoLAoK0KHQv9Cw0YHQuNCx0L4g0LfQsCDQt9Cw0LrQ\nsNC3ISDQndCw0Ygg0LzQtdC90LXQtNC20LXRgCDRgdCy0Y/QttC10YLRgdGPINGBINCS0LDQvNC4\nINCyINGC0LXRh9C10L3QuNC4IDI0INGH0LDRgdC+0LIuCtCd0L7QvNC10YAg0JLQsNGI0LXQs9C+\nINC30LDQutCw0LfQsCBWSVAwMjAzMjAtTlNOCtCf0L7RgdC80L7RgtGA0LXRgtGMINCS0LDRiCDQ\nt9Cw0LrQsNC3OiBodHRwczovL3ZhLWJvdXRpcXVlLmNvbS92aXAvb3JkZXIvVklQMDIwMzIwLU5T\nTi8KCtCS0LDRiCBWQS1Cb3V0aXF1ZQpxEVgLAAAAYXR0YWNobWVudHNxEl1xE1gNAAAAZXh0cmFf\naGVhZGVyc3EUfXEVWAoAAABjb25uZWN0aW9ucRZjbWFpbGVyLmJhY2tlbmQKRGJCYWNrZW5kCnEX\nKYFxGH1xGVgNAAAAZmFpbF9zaWxlbnRseXEaiXNidWIu\n", "when_added": "2020-03-02T06:05:07.708Z", "priority": 2}}, {"model": "mailer.message", "pk": 2, "fields": {"message_data": "gANjZGphbmdvLmNvcmUubWFpbC5tZXNzYWdlCkVtYWlsTWVzc2FnZQpxACmBcQF9cQIoWAIAAAB0\nb3EDXXEEWBIAAAB2YUB2YS1ib3V0aXF1ZS5jb21xBWFYAgAAAGNjcQZdcQdYAwAAAGJjY3EIXXEJ\nWAgAAAByZXBseV90b3EKXXELWAoAAABmcm9tX2VtYWlscQxYIwAAAFZBLUJvdXRpcXVlIDxvcmRl\nckB2YS1ib3V0aXF1ZS5jb20+cQ1YBwAAAHN1YmplY3RxDlgjAAAA0J3QntCS0KvQmSDQl9CQ0JrQ\nkNCXIFZJUDAyMDMyMC1OU05xD1gEAAAAYm9keXEQWOsBAABPcmRlciBOby46IFZJUDAyMDMyMC1O\nU04KVXNlcjogVklQIFNleHktYmVhY2gKT3JkZXJlZCBJdGVtczog0JrRg9C/0LjRgtGMINGB0LXQ\nudGH0LDRgSDQt9CwINC00L7Qv9C+0LvQvdC40YLQtdC70YzQvdGD0Y4g0YHQutC40LTQutGDDQrQ\nmtGD0L/QuNGC0Ywg0YHQtdC50YfQsNGBINC30LAg0LTQvtC/0L7Qu9C90LjRgtC10LvRjNC90YPR\njiDRgdC60LjQtNC60YMNCtCa0YPQv9C40YLRjCDRgdC10LnRh9Cw0YEg0LfQsCDQtNC+0L/QvtC7\n0L3QuNGC0LXQu9GM0L3Rg9GOINGB0LrQuNC00LrRgw0K0JrRg9C/0LjRgtGMINGB0LXQudGH0LDR\ngSDQt9CwINC00L7Qv9C+0LvQvdC40YLQtdC70YzQvdGD0Y4g0YHQutC40LTQutGDDQrQmtGD0L/Q\nuNGC0Ywg0YHQtdC50YfQsNGBINC30LAg0LTQvtC/0L7Qu9C90LjRgtC10LvRjNC90YPRjiDRgdC6\n0LjQtNC60YMKT3JkZXIgTGluazogaHR0cHM6Ly92YS1ib3V0aXF1ZS5jb20vdmlwL29yZGVyL1ZJ\nUDAyMDMyMC1OU04vCnERWAsAAABhdHRhY2htZW50c3ESXXETWA0AAABleHRyYV9oZWFkZXJzcRR9\ncRVYCgAAAGNvbm5lY3Rpb25xFmNtYWlsZXIuYmFja2VuZApEYkJhY2tlbmQKcRcpgXEYfXEZWA0A\nAABmYWlsX3NpbGVudGx5cRqJc2J1Yi4=\n", "when_added": "2020-03-02T06:05:07.709Z", "priority": 2}}, {"model": "mailer.message", "pk": 3, "fields": {"message_data": "gANjZGphbmdvLmNvcmUubWFpbC5tZXNzYWdlCkVtYWlsTWVzc2FnZQpxACmBcQF9cQIoWAIAAAB0\nb3EDXXEEWA4AAABkb25fbGVlQG1lLmNvbXEFYVgCAAAAY2NxBl1xB1gDAAAAYmNjcQhdcQlYCAAA\nAHJlcGx5X3RvcQpdcQtYCgAAAGZyb21fZW1haWxxDFgjAAAAVkEtQm91dGlxdWUgPG9yZGVyQHZh\nLWJvdXRpcXVlLmNvbT5xDVgHAAAAc3ViamVjdHEOWDEAAABWQSBCT1VUSVFVRSAtINCd0J7QktCr\n0Jkg0JfQkNCa0JDQlyBVTjAyMDMyMC03NVhOcQ9YBAAAAGJvZHlxEFhmAQAA0JfQtNGA0LDQstGB\n0YLQstGD0LnRgtC1IFVucmVnaXN0ZXJlZCB1c2VyIEFseW9zaGlua2EsCgrQodC/0LDRgdC40LHQ\nviDQt9CwINC30LDQutCw0LchINCd0LDRiCDQvNC10L3QtdC00LbQtdGAINGB0LLRj9C20LXRgtGB\n0Y8g0YEg0JLQsNC80Lgg0LIg0YLQtdGH0LXQvdC40LggMjQg0YfQsNGB0L7Qsi4K0J3QvtC80LXR\ngCDQktCw0YjQtdCz0L4g0LfQsNC60LDQt9CwIFVOMDIwMzIwLTc1WE4K0J/QvtGB0LzQvtGC0YDQ\ntdGC0Ywg0JLQsNGIINC30LDQutCw0Lc6IGh0dHBzOi8vdmEtYm91dGlxdWUuY29tL3Nob3BwaW5n\nL29yZGVycy91bnJlZ2lzdGVyZWQtdXNlci9VTjAyMDMyMC03NVhOLwoK0JLQsNGIIFZBLUJvdXRp\ncXVlCnERWAsAAABhdHRhY2htZW50c3ESXXETWA0AAABleHRyYV9oZWFkZXJzcRR9cRVYCgAAAGNv\nbm5lY3Rpb25xFmNtYWlsZXIuYmFja2VuZApEYkJhY2tlbmQKcRcpgXEYfXEZWA0AAABmYWlsX3Np\nbGVudGx5cRqJc2J1Yi4=\n", "when_added": "2020-03-02T10:45:29.289Z", "priority": 2}}, {"model": "mailer.message", "pk": 4, "fields": {"message_data": "gANjZGphbmdvLmNvcmUubWFpbC5tZXNzYWdlCkVtYWlsTWVzc2FnZQpxACmBcQF9cQIoWAIAAAB0\nb3EDXXEEWBIAAAB2YUB2YS1ib3V0aXF1ZS5jb21xBWFYAgAAAGNjcQZdcQdYAwAAAGJjY3EIXXEJ\nWAgAAAByZXBseV90b3EKXXELWAoAAABmcm9tX2VtYWlscQxYIwAAAFZBLUJvdXRpcXVlIDxvcmRl\nckB2YS1ib3V0aXF1ZS5jb20+cQ1YBwAAAHN1YmplY3RxDlgjAAAA0J3QntCS0KvQmSDQl9CQ0JrQ\nkNCXIFVOMDIwMzIwLTc1WE5xD1gEAAAAYm9keXEQWLMAAABPcmRlciBOby46IFVOMDIwMzIwLTc1\nWE4KVXNlcjogVW5yZWdpc3RlcmVkIHVzZXIgQWx5b3NoaW5rYQpPcmRlcmVkIEl0ZW1zOiDQoNC1\n0LzQtdC90YwgR3VjY2kKT3JkZXIgTGluazogaHR0cHM6Ly92YS1ib3V0aXF1ZS5jb20vc2hvcHBp\nbmcvb3JkZXJzL3VucmVnaXN0ZXJlZC11c2VyL1VOMDIwMzIwLTc1WE4vCnERWAsAAABhdHRhY2ht\nZW50c3ESXXETWA0AAABleHRyYV9oZWFkZXJzcRR9cRVYCgAAAGNvbm5lY3Rpb25xFmNtYWlsZXIu\nYmFja2VuZApEYkJhY2tlbmQKcRcpgXEYfXEZWA0AAABmYWlsX3NpbGVudGx5cRqJc2J1Yi4=\n", "when_added": "2020-03-02T10:45:29.291Z", "priority": 2}}, {"model": "auth.user", "pk": 1, "fields": {"password": "pbkdf2_sha256$180000$Y0FfDU8dnldF$2hBx56wsamJCATzPDZTF5/45vESpepaA7QfvBrk32Jg=", "last_login": "2020-03-02T10:46:27.287Z", "is_superuser": true, "username": "admin", "first_name": "", "last_name": "", "email": "order@va-boutique.com", "is_staff": true, "is_active": true, "date_joined": "2020-03-01T08:35:13.609Z", "groups": [], "user_permissions": []}}, {"model": "admin.logentry", "pk": 1, "fields": {"action_time": "2020-03-02T06:03:23.500Z", "user": 1, "content_type": 3, "object_id": "1", "object_repr": "\u041c\u043e\u0436\u0435\u0442 \u0431\u044b\u0442\u044c \u0442\u0432\u043e\u0438\u043c \u0441\u0435\u0439\u0447\u0430\u0441!", "action_flag": 1, "change_message": "[{\"added\": {}}]"}}, {"model": "admin.logentry", "pk": 2, "fields": {"action_time": "2020-03-02T06:04:19.139Z", "user": 1, "content_type": 3, "object_id": "2", "object_repr": "\u041c\u044b \u0432 \u043f\u0440\u043e\u0434\u0430\u0436\u0435", "action_flag": 1, "change_message": "[{\"added\": {}}]"}}, {"model": "admin.logentry", "pk": 3, "fields": {"action_time": "2020-03-02T07:46:31.888Z", "user": 1, "content_type": 13, "object_id": "1", "object_repr": "\u041d\u043e\u043c\u0435\u0440 \u0437\u0430\u043a\u0430\u0437\u0430: VIP020320-NSN", "action_flag": 3, "change_message": ""}}, {"model": "admin.logentry", "pk": 4, "fields": {"action_time": "2020-03-02T08:20:49.792Z", "user": 1, "content_type": 2, "object_id": "1", "object_repr": "\u0410\u043a\u0441\u0435\u0441\u0441\u0443\u0430\u0440\u044b for Women", "action_flag": 1, "change_message": "[{\"added\": {}}, {\"added\": {\"name\": \"Sub-category\", \"object\": \"women \\u0420\\u0435\\u043c\\u043d\\u0438\"}}, {\"added\": {\"name\": \"Sub-category\", \"object\": \"women \\u0411\\u0438\\u0436\\u0443\\u0442\\u0435\\u0440\\u0438\\u044f\"}}, {\"added\": {\"name\": \"Sub-category\", \"object\": \"women \\u0428\\u0430\\u0440\\u0444\\u044b\"}}, {\"added\": {\"name\": \"Sub-category\", \"object\": \"women \\u0421\\u043e\\u043b\\u043d\\u0446\\u0435\\u0437\\u0430\\u0449\\u0438\\u0442\\u043d\\u044b\\u0435 \\u043e\\u0447\\u043a\\u0438\"}}, {\"added\": {\"name\": \"Sub-category\", \"object\": \"women \\u041a\\u043e\\u0448\\u0435\\u043b\\u044c\\u043a\\u0438\"}}]"}}, {"model": "admin.logentry", "pk": 5, "fields": {"action_time": "2020-03-02T08:23:17.899Z", "user": 1, "content_type": 3, "object_id": "2", "object_repr": "\u0422\u043e\u0432\u0430\u0440\u044b \u0441\u043e \u0441\u043a\u0438\u0434\u043a\u043e\u0439!", "action_flag": 2, "change_message": "[{\"changed\": {\"fields\": [\"Carousel Title\", \"Carousel Text\"]}}]"}}, {"model": "admin.logentry", "pk": 6, "fields": {"action_time": "2020-03-02T08:26:26.604Z", "user": 1, "content_type": 3, "object_id": "1", "object_repr": "Welcome to VA Boutique!", "action_flag": 2, "change_message": "[{\"changed\": {\"fields\": [\"Carousel Title\", \"Carousel Text\"]}}]"}}, {"model": "admin.logentry", "pk": 7, "fields": {"action_time": "2020-03-02T08:29:08.606Z", "user": 1, "content_type": 1, "object_id": "1", "object_repr": "Louis Vuitton", "action_flag": 1, "change_message": "[{\"added\": {}}]"}}, {"model": "admin.logentry", "pk": 8, "fields": {"action_time": "2020-03-02T08:29:14.783Z", "user": 1, "content_type": 1, "object_id": "2", "object_repr": "Chanel", "action_flag": 1, "change_message": "[{\"added\": {}}]"}}, {"model": "admin.logentry", "pk": 9, "fields": {"action_time": "2020-03-02T08:29:21.396Z", "user": 1, "content_type": 1, "object_id": "3", "object_repr": "Gucci", "action_flag": 1, "change_message": "[{\"added\": {}}]"}}, {"model": "admin.logentry", "pk": 10, "fields": {"action_time": "2020-03-02T08:29:31.736Z", "user": 1, "content_type": 1, "object_id": "4", "object_repr": "Dior", "action_flag": 1, "change_message": "[{\"added\": {}}]"}}, {"model": "admin.logentry", "pk": 11, "fields": {"action_time": "2020-03-02T08:29:44.934Z", "user": 1, "content_type": 1, "object_id": "5", "object_repr": "Bottega Venetta", "action_flag": 1, "change_message": "[{\"added\": {}}]"}}, {"model": "admin.logentry", "pk": 12, "fields": {"action_time": "2020-03-02T08:30:33.596Z", "user": 1, "content_type": 1, "object_id": "6", "object_repr": "\u0414\u0440\u0443\u0433\u0438\u0435", "action_flag": 1, "change_message": "[{\"added\": {}}]"}}, {"model": "admin.logentry", "pk": 13, "fields": {"action_time": "2020-03-02T08:38:44.461Z", "user": 1, "content_type": 4, "object_id": "1", "object_repr": "\u0420\u0435\u043c\u0435\u043d\u044c", "action_flag": 1, "change_message": "[{\"added\": {}}]"}}, {"model": "admin.logentry", "pk": 14, "fields": {"action_time": "2020-03-02T08:53:21.569Z", "user": 1, "content_type": 1, "object_id": "7", "object_repr": "Valentino", "action_flag": 1, "change_message": "[{\"added\": {}}]"}}, {"model": "admin.logentry", "pk": 15, "fields": {"action_time": "2020-03-02T09:12:10.376Z", "user": 1, "content_type": 2, "object_id": "2", "object_repr": "\u041a\u043e\u0441\u043c\u0435\u0442\u0438\u043a\u0430 for Women", "action_flag": 1, "change_message": "[{\"added\": {}}]"}}, {"model": "admin.logentry", "pk": 16, "fields": {"action_time": "2020-03-02T09:12:20.401Z", "user": 1, "content_type": 2, "object_id": "3", "object_repr": "\u0421\u0443\u043c\u043a\u0438 for Women", "action_flag": 1, "change_message": "[{\"added\": {}}]"}}, {"model": "admin.logentry", "pk": 17, "fields": {"action_time": "2020-03-02T09:12:29.121Z", "user": 1, "content_type": 2, "object_id": "4", "object_repr": "\u041e\u0431\u0443\u0432\u044c for Women", "action_flag": 1, "change_message": "[{\"added\": {}}]"}}, {"model": "admin.logentry", "pk": 18, "fields": {"action_time": "2020-03-02T09:24:18.292Z", "user": 1, "content_type": 2, "object_id": "4", "object_repr": "\u041e\u0431\u0443\u0432\u044c for Women", "action_flag": 2, "change_message": "[{\"added\": {\"name\": \"Sub-category\", \"object\": \"women \\u0421\\u0430\\u043f\\u043e\\u0433\\u0438 \\u0438 \\u0431\\u043e\\u0442\\u0438\\u043d\\u043a\\u0438\"}}, {\"added\": {\"name\": \"Sub-category\", \"object\": \"women \\u041b\\u043e\\u0444\\u0435\\u0440\\u044b \\u0438 \\u0423\\u0433\\u0433\\u0438\"}}, {\"added\": {\"name\": \"Sub-category\", \"object\": \"women \\u041d\\u0430 \\u043a\\u0430\\u0431\\u043b\\u0443\\u043a\\u0435\"}}, {\"added\": {\"name\": \"Sub-category\", \"object\": \"women \\u041e\\u0431\\u0443\\u0432\\u044c \\u0434\\u043b\\u044f \\u0434\\u043e\\u043c\\u0430\"}}, {\"added\": {\"name\": \"Sub-category\", \"object\": \"women \\u041a\\u0440\\u043e\\u0441\\u0441\\u043e\\u0432\\u043a\\u0438\"}}]"}}, {"model": "admin.logentry", "pk": 19, "fields": {"action_time": "2020-03-02T09:40:55.441Z", "user": 1, "content_type": 2, "object_id": "5", "object_repr": "\u0410\u043a\u0441\u0435\u0441\u0441\u0443\u0430\u0440\u044b for Men", "action_flag": 1, "change_message": "[{\"added\": {}}, {\"added\": {\"name\": \"Sub-category\", \"object\": \"men \\u041a\\u043e\\u0448\\u0435\\u043b\\u044c\\u043a\\u0438\"}}]"}}, {"model": "admin.logentry", "pk": 20, "fields": {"action_time": "2020-03-02T09:55:29.196Z", "user": 1, "content_type": 4, "object_id": "2", "object_repr": "\u041a\u043e\u0448\u0435\u043b\u0451\u043a Louis Vuitton", "action_flag": 1, "change_message": "[{\"added\": {}}, {\"added\": {\"name\": \"item image\", \"object\": \"ItemImage object (1)\"}}]"}}, {"model": "admin.logentry", "pk": 21, "fields": {"action_time": "2020-03-02T09:56:32.343Z", "user": 1, "content_type": 4, "object_id": "1", "object_repr": "\u0420\u0435\u043c\u0435\u043d\u044c", "action_flag": 2, "change_message": "[{\"added\": {\"name\": \"item image\", \"object\": \"ItemImage object (2)\"}}]"}}, {"model": "admin.logentry", "pk": 22, "fields": {"action_time": "2020-03-02T09:58:09.942Z", "user": 1, "content_type": 4, "object_id": "1", "object_repr": "\u0420\u0435\u043c\u0435\u043d\u044c Gucci", "action_flag": 2, "change_message": "[{\"changed\": {\"fields\": [\"Item Name\"]}}]"}}, {"model": "admin.logentry", "pk": 23, "fields": {"action_time": "2020-03-02T10:58:55.750Z", "user": 1, "content_type": 4, "object_id": "3", "object_repr": "\u0428\u0435\u043b\u043a\u043e\u0432\u044b\u0439 \u043f\u043b\u0430\u0442\u043e\u043a Chanel", "action_flag": 1, "change_message": "[{\"added\": {}}, {\"added\": {\"name\": \"item image\", \"object\": \"ItemImage object (3)\"}}]"}}, {"model": "admin.logentry", "pk": 24, "fields": {"action_time": "2020-03-02T11:00:13.978Z", "user": 1, "content_type": 4, "object_id": "4", "object_repr": "\u0428\u0435\u043b\u043a\u043e\u0432\u044b\u0439 \u043f\u043b\u0430\u0442\u043e\u043a Chanel art001", "action_flag": 1, "change_message": "[{\"added\": {}}]"}}, {"model": "admin.logentry", "pk": 25, "fields": {"action_time": "2020-03-02T11:01:09.632Z", "user": 1, "content_type": 4, "object_id": "4", "object_repr": "\u0428\u0435\u043b\u043a\u043e\u0432\u044b\u0439 \u043f\u043b\u0430\u0442\u043e\u043a Chanel art001", "action_flag": 2, "change_message": "[{\"added\": {\"name\": \"item image\", \"object\": \"ItemImage object (4)\"}}]"}}, {"model": "admin.logentry", "pk": 26, "fields": {"action_time": "2020-03-02T11:06:02.927Z", "user": 1, "content_type": 4, "object_id": "4", "object_repr": "\u0428\u0435\u043b\u043a\u043e\u0432\u044b\u0439 \u043f\u043b\u0430\u0442\u043e\u043a art001", "action_flag": 2, "change_message": "[{\"changed\": {\"fields\": [\"Item Name\"]}}]"}}, {"model": "admin.logentry", "pk": 27, "fields": {"action_time": "2020-03-02T11:06:34.269Z", "user": 1, "content_type": 4, "object_id": "4", "object_repr": "\u0428\u0435\u043b\u043a\u043e\u0432\u044b\u0439 \u043f\u043b\u0430\u0442\u043e\u043a Chanel art001", "action_flag": 2, "change_message": "[{\"changed\": {\"fields\": [\"Item Name\"]}}]"}}, {"model": "admin.logentry", "pk": 28, "fields": {"action_time": "2020-03-02T11:06:44.028Z", "user": 1, "content_type": 4, "object_id": "3", "object_repr": "\u0428\u0435\u043b\u043a\u043e\u0432\u044b\u0439 \u043f\u043b\u0430\u0442\u043e\u043a Chanel art 002", "action_flag": 2, "change_message": "[{\"changed\": {\"fields\": [\"Item Name\"]}}]"}}, {"model": "admin.logentry", "pk": 29, "fields": {"action_time": "2020-03-02T11:07:09.244Z", "user": 1, "content_type": 4, "object_id": "3", "object_repr": "\u0428\u0435\u043b\u043a\u043e\u0432\u044b\u0439 \u043f\u043b\u0430\u0442\u043e\u043a Chanel art002", "action_flag": 2, "change_message": "[{\"changed\": {\"fields\": [\"Item Name\"]}}]"}}, {"model": "admin.logentry", "pk": 30, "fields": {"action_time": "2020-03-02T11:09:06.054Z", "user": 1, "content_type": 4, "object_id": "5", "object_repr": "\u0428\u0435\u043b\u043a\u043e\u0432\u044b\u0439 \u043f\u043b\u0430\u0442\u043e\u043a Chanel art003", "action_flag": 1, "change_message": "[{\"added\": {}}, {\"added\": {\"name\": \"item image\", \"object\": \"ItemImage object (5)\"}}]"}}, {"model": "admin.logentry", "pk": 31, "fields": {"action_time": "2020-03-02T11:09:51.037Z", "user": 1, "content_type": 1, "object_id": "8", "object_repr": "Hermes", "action_flag": 1, "change_message": "[{\"added\": {}}]"}}, {"model": "admin.logentry", "pk": 32, "fields": {"action_time": "2020-03-02T11:10:47.800Z", "user": 1, "content_type": 4, "object_id": "6", "object_repr": "\u0428\u0435\u043b\u043a\u043e\u0432\u044b\u0439 \u043f\u043b\u0430\u0442\u043e\u043a Hermes art001", "action_flag": 1, "change_message": "[{\"added\": {}}, {\"added\": {\"name\": \"item image\", \"object\": \"ItemImage object (6)\"}}]"}}, {"model": "admin.logentry", "pk": 33, "fields": {"action_time": "2020-03-02T11:33:20.041Z", "user": 1, "content_type": 4, "object_id": "7", "object_repr": "\u0428\u0435\u043b\u043a\u043e\u0432\u044b\u0439 \u043f\u043b\u0430\u0442\u043e\u043a Hermes art002", "action_flag": 1, "change_message": "[{\"added\": {}}, {\"added\": {\"name\": \"item image\", \"object\": \"ItemImage object (7)\"}}]"}}, {"model": "admin.logentry", "pk": 34, "fields": {"action_time": "2020-03-02T11:33:54.277Z", "user": 1, "content_type": 4, "object_id": "8", "object_repr": "\u0428\u0435\u043b\u043a\u043e\u0432\u044b\u0439 \u043f\u043b\u0430\u0442\u043e\u043a Hermes art003", "action_flag": 1, "change_message": "[{\"added\": {}}, {\"added\": {\"name\": \"item image\", \"object\": \"ItemImage object (8)\"}}]"}}, {"model": "admin.logentry", "pk": 35, "fields": {"action_time": "2020-03-02T11:34:26.260Z", "user": 1, "content_type": 4, "object_id": "9", "object_repr": "\u0428\u0435\u043b\u043a\u043e\u0432\u044b\u0439 \u043f\u043b\u0430\u0442\u043e\u043a Hermes art004", "action_flag": 1, "change_message": "[{\"added\": {}}, {\"added\": {\"name\": \"item image\", \"object\": \"ItemImage object (9)\"}}]"}}, {"model": "admin.logentry", "pk": 36, "fields": {"action_time": "2020-03-02T11:39:12.354Z", "user": 1, "content_type": 4, "object_id": "10", "object_repr": "\u0428\u0430\u0440 Chanel", "action_flag": 1, "change_message": "[{\"added\": {}}, {\"added\": {\"name\": \"item image\", \"object\": \"ItemImage object (10)\"}}]"}}, {"model": "admin.logentry", "pk": 37, "fields": {"action_time": "2020-03-02T11:39:39.057Z", "user": 1, "content_type": 4, "object_id": "10", "object_repr": "\u0428\u0430\u0440\u0444 Chanel", "action_flag": 2, "change_message": "[{\"changed\": {\"fields\": [\"Item Name\"]}}]"}}, {"model": "admin.logentry", "pk": 38, "fields": {"action_time": "2020-03-02T14:55:06.778Z", "user": 1, "content_type": 5, "object_id": "1", "object_repr": "\u041f\u043e\u043b\u0443\u0447\u0438 \u0441\u043a\u0438\u0434\u043a\u0443 5%!", "action_flag": 1, "change_message": "[{\"added\": {}}]"}}, {"model": "admin.logentry", "pk": 39, "fields": {"action_time": "2020-03-02T14:55:27.587Z", "user": 1, "content_type": 5, "object_id": "2", "object_repr": "\u041f\u043e\u043b\u0443\u0447\u0438 \u0441\u043a\u0438\u0434\u043a\u0443 5%!", "action_flag": 1, "change_message": "[{\"added\": {}}]"}}, {"model": "admin.logentry", "pk": 40, "fields": {"action_time": "2020-03-02T14:55:41.476Z", "user": 1, "content_type": 5, "object_id": "1", "object_repr": "\u041f\u043e\u043b\u0443\u0447\u0438 \u0441\u043a\u0438\u0434\u043a\u0443 5%!", "action_flag": 3, "change_message": ""}}, {"model": "admin.logentry", "pk": 41, "fields": {"action_time": "2020-03-02T15:22:23.115Z", "user": 1, "content_type": 4, "object_id": "11", "object_repr": "\u041a\u0430\u0448\u0435\u043c\u0438\u0440\u043e\u0432\u044b\u0439 \u0448\u0430\u0440\u0444   art001", "action_flag": 1, "change_message": "[{\"added\": {}}, {\"added\": {\"name\": \"item image\", \"object\": \"ItemImage object (11)\"}}, {\"added\": {\"name\": \"item image\", \"object\": \"ItemImage object (12)\"}}]"}}, {"model": "admin.logentry", "pk": 42, "fields": {"action_time": "2020-03-02T15:23:49.396Z", "user": 1, "content_type": 1, "object_id": "6", "object_repr": "Other", "action_flag": 2, "change_message": "[{\"changed\": {\"fields\": [\"Brand Name\"]}}]"}}, {"model": "admin.logentry", "pk": 43, "fields": {"action_time": "2020-03-02T15:26:46.389Z", "user": 1, "content_type": 4, "object_id": "6", "object_repr": "\u0428\u0435\u043b\u043a\u043e\u0432\u044b\u0439 \u043f\u043b\u0430\u0442\u043e\u043a Hermes art005", "action_flag": 2, "change_message": "[{\"changed\": {\"fields\": [\"Item Name\"]}}]"}}, {"model": "admin.logentry", "pk": 44, "fields": {"action_time": "2020-03-02T15:26:56.646Z", "user": 1, "content_type": 4, "object_id": "5", "object_repr": "\u0428\u0435\u043b\u043a\u043e\u0432\u044b\u0439 \u043f\u043b\u0430\u0442\u043e\u043a Chanel art006", "action_flag": 2, "change_message": "[{\"changed\": {\"fields\": [\"Item Name\"]}}]"}}, {"model": "admin.logentry", "pk": 45, "fields": {"action_time": "2020-03-02T15:27:04.127Z", "user": 1, "content_type": 4, "object_id": "4", "object_repr": "\u0428\u0435\u043b\u043a\u043e\u0432\u044b\u0439 \u043f\u043b\u0430\u0442\u043e\u043a Chanel art007", "action_flag": 2, "change_message": "[{\"changed\": {\"fields\": [\"Item Name\"]}}]"}}, {"model": "admin.logentry", "pk": 46, "fields": {"action_time": "2020-03-02T15:27:04.566Z", "user": 1, "content_type": 4, "object_id": "4", "object_repr": "\u0428\u0435\u043b\u043a\u043e\u0432\u044b\u0439 \u043f\u043b\u0430\u0442\u043e\u043a Chanel art007", "action_flag": 2, "change_message": "[]"}}, {"model": "admin.logentry", "pk": 47, "fields": {"action_time": "2020-03-02T15:27:13.731Z", "user": 1, "content_type": 4, "object_id": "3", "object_repr": "\u0428\u0435\u043b\u043a\u043e\u0432\u044b\u0439 \u043f\u043b\u0430\u0442\u043e\u043a Chanel art008", "action_flag": 2, "change_message": "[{\"changed\": {\"fields\": [\"Item Name\"]}}]"}}, {"model": "admin.logentry", "pk": 48, "fields": {"action_time": "2020-03-02T15:27:45.710Z", "user": 1, "content_type": 4, "object_id": "10", "object_repr": "\u0428\u0430\u0440\u0444 Chanel Art009", "action_flag": 2, "change_message": "[{\"changed\": {\"fields\": [\"Item Name\"]}}]"}}, {"model": "admin.logentry", "pk": 49, "fields": {"action_time": "2020-03-02T15:30:07.245Z", "user": 1, "content_type": 4, "object_id": "12", "object_repr": "\u041a\u0430\u0448\u0435\u043c\u0438\u0440\u043e\u0432\u044b\u0439 \u0448\u0430\u0440\u0444 art010", "action_flag": 1, "change_message": "[{\"added\": {}}, {\"added\": {\"name\": \"item image\", \"object\": \"ItemImage object (13)\"}}, {\"added\": {\"name\": \"item image\", \"object\": \"ItemImage object (14)\"}}]"}}, {"model": "admin.logentry", "pk": 50, "fields": {"action_time": "2020-03-02T15:30:46.452Z", "user": 1, "content_type": 4, "object_id": "12", "object_repr": "\u041a\u0430\u0448\u0435\u043c\u0438\u0440\u043e\u0432\u044b\u0439 \u0448\u0430\u0440\u0444 art010", "action_flag": 2, "change_message": "[{\"changed\": {\"fields\": [\"Tag\"]}}]"}}, {"model": "admin.logentry", "pk": 51, "fields": {"action_time": "2020-03-02T15:47:17.633Z", "user": 1, "content_type": 1, "object_id": "9", "object_repr": "Givenchy", "action_flag": 1, "change_message": "[{\"added\": {}}]"}}, {"model": "admin.logentry", "pk": 52, "fields": {"action_time": "2020-03-02T15:48:32.272Z", "user": 1, "content_type": 4, "object_id": "13", "object_repr": "\u041a\u0430\u0448\u0435\u043c\u0438\u0440\u043e\u0432\u044b\u0439 \u0448\u0430\u0440\u0444 art011", "action_flag": 1, "change_message": "[{\"added\": {}}, {\"added\": {\"name\": \"item image\", \"object\": \"ItemImage object (15)\"}}, {\"added\": {\"name\": \"item image\", \"object\": \"ItemImage object (16)\"}}]"}}, {"model": "admin.logentry", "pk": 53, "fields": {"action_time": "2020-03-02T15:49:39.924Z", "user": 1, "content_type": 4, "object_id": "14", "object_repr": "\u041a\u0430\u0448\u0435\u043c\u0438\u0440\u043e\u0432\u044b\u0439 \u0448\u0430\u0440\u0444 art012", "action_flag": 1, "change_message": "[{\"added\": {}}, {\"added\": {\"name\": \"item image\", \"object\": \"ItemImage object (17)\"}}, {\"added\": {\"name\": \"item image\", \"object\": \"ItemImage object (18)\"}}]"}}, {"model": "admin.logentry", "pk": 54, "fields": {"action_time": "2020-03-02T15:51:35.718Z", "user": 1, "content_type": 4, "object_id": "15", "object_repr": "\u041a\u0430\u0448\u0435\u043c\u0438\u0440\u043e\u0432\u044b\u0439 \u0448\u0430\u0440\u0444 art013", "action_flag": 1, "change_message": "[{\"added\": {}}]"}}, {"model": "admin.logentry", "pk": 55, "fields": {"action_time": "2020-03-02T15:52:11.466Z", "user": 1, "content_type": 4, "object_id": "15", "object_repr": "\u041a\u0430\u0448\u0435\u043c\u0438\u0440\u043e\u0432\u044b\u0439 \u0448\u0430\u0440\u0444 art013", "action_flag": 2, "change_message": "[{\"added\": {\"name\": \"item image\", \"object\": \"ItemImage object (19)\"}}, {\"added\": {\"name\": \"item image\", \"object\": \"ItemImage object (20)\"}}]"}}, {"model": "admin.logentry", "pk": 56, "fields": {"action_time": "2020-03-02T16:02:42.744Z", "user": 1, "content_type": 4, "object_id": "1", "object_repr": "\u0420\u0435\u043c\u0435\u043d\u044c Gucci", "action_flag": 2, "change_message": "[]"}}, {"model": "admin.logentry", "pk": 57, "fields": {"action_time": "2020-03-02T16:13:50.412Z", "user": 1, "content_type": 4, "object_id": "16", "object_repr": "\u0428\u0430\u0440 Chanel", "action_flag": 1, "change_message": "[{\"added\": {}}, {\"added\": {\"name\": \"item image\", \"object\": \"ItemImage object (21)\"}}, {\"added\": {\"name\": \"item image\", \"object\": \"ItemImage object (22)\"}}]"}}, {"model": "admin.logentry", "pk": 58, "fields": {"action_time": "2020-03-02T16:15:48.789Z", "user": 1, "content_type": 4, "object_id": "15", "object_repr": "\u041a\u0430\u0448\u0435\u043c\u0438\u0440\u043e\u0432\u044b\u0439 \u0448\u0430\u0440\u0444", "action_flag": 2, "change_message": "[{\"changed\": {\"fields\": [\"Item Name\", \"Item Description\"]}}]"}}, {"model": "admin.logentry", "pk": 59, "fields": {"action_time": "2020-03-02T16:16:07.912Z", "user": 1, "content_type": 4, "object_id": "14", "object_repr": "\u041a\u0430\u0448\u0435\u043c\u0438\u0440\u043e\u0432\u044b\u0439 \u0448\u0430\u0440\u0444 art012", "action_flag": 2, "change_message": "[]"}}, {"model": "admin.logentry", "pk": 60, "fields": {"action_time": "2020-03-02T16:16:17.913Z", "user": 1, "content_type": 4, "object_id": "15", "object_repr": "\u041a\u0430\u0448\u0435\u043c\u0438\u0440\u043e\u0432\u044b\u0439 \u0448\u0430\u0440\u0444 art013", "action_flag": 2, "change_message": "[{\"changed\": {\"fields\": [\"Item Name\", \"Item Description\"]}}]"}}, {"model": "admin.logentry", "pk": 61, "fields": {"action_time": "2020-03-02T16:16:27.927Z", "user": 1, "content_type": 4, "object_id": "16", "object_repr": "\u0428\u0430\u0440 Chanel art014", "action_flag": 2, "change_message": "[{\"changed\": {\"fields\": [\"Item Name\", \"Item Description\"]}}]"}}, {"model": "admin.logentry", "pk": 62, "fields": {"action_time": "2020-03-02T16:17:45.442Z", "user": 1, "content_type": 4, "object_id": "17", "object_repr": "\u0428\u0430\u0440\u0444 Chanel art015", "action_flag": 1, "change_message": "[{\"added\": {}}, {\"added\": {\"name\": \"item image\", \"object\": \"ItemImage object (23)\"}}, {\"added\": {\"name\": \"item image\", \"object\": \"ItemImage object (24)\"}}]"}}, {"model": "admin.logentry", "pk": 63, "fields": {"action_time": "2020-03-02T16:17:57.893Z", "user": 1, "content_type": 4, "object_id": "16", "object_repr": "\u0428\u0430\u0440\u0444 Chanel art014", "action_flag": 2, "change_message": "[{\"changed\": {\"fields\": [\"Item Name\"]}}]"}}, {"model": "admin.logentry", "pk": 64, "fields": {"action_time": "2020-03-02T16:20:51.702Z", "user": 1, "content_type": 4, "object_id": "18", "object_repr": "\u041a\u0430\u0448\u0435\u043c\u0438\u0440\u043e\u0432\u044b\u0439 \u0448\u0430\u0440\u0444 art016", "action_flag": 1, "change_message": "[{\"added\": {}}, {\"added\": {\"name\": \"item image\", \"object\": \"ItemImage object (25)\"}}, {\"added\": {\"name\": \"item image\", \"object\": \"ItemImage object (26)\"}}]"}}, {"model": "admin.logentry", "pk": 65, "fields": {"action_time": "2020-03-02T16:21:56.326Z", "user": 1, "content_type": 4, "object_id": "19", "object_repr": "\u041a\u0430\u0448\u0435\u043c\u0438\u0440\u043e\u0432\u044b\u0439 \u0448\u0430\u0440\u0444 art017", "action_flag": 1, "change_message": "[{\"added\": {}}]"}}, {"model": "admin.logentry", "pk": 66, "fields": {"action_time": "2020-03-02T16:22:19.651Z", "user": 1, "content_type": 4, "object_id": "19", "object_repr": "\u041a\u0430\u0448\u0435\u043c\u0438\u0440\u043e\u0432\u044b\u0439 \u0448\u0430\u0440\u0444 art017", "action_flag": 2, "change_message": "[{\"added\": {\"name\": \"item image\", \"object\": \"ItemImage object (27)\"}}, {\"added\": {\"name\": \"item image\", \"object\": \"ItemImage object (28)\"}}]"}}, {"model": "admin.logentry", "pk": 67, "fields": {"action_time": "2020-03-02T16:23:39.459Z", "user": 1, "content_type": 4, "object_id": "20", "object_repr": "\u0428\u0430\u0440\u0444 Dior art018", "action_flag": 1, "change_message": "[{\"added\": {}}, {\"added\": {\"name\": \"item image\", \"object\": \"ItemImage object (29)\"}}, {\"added\": {\"name\": \"item image\", \"object\": \"ItemImage object (30)\"}}]"}}, {"model": "admin.logentry", "pk": 68, "fields": {"action_time": "2020-03-02T16:24:53.112Z", "user": 1, "content_type": 4, "object_id": "21", "object_repr": "\u0428\u0430\u0440\u0444 Chanel art020", "action_flag": 1, "change_message": "[{\"added\": {}}, {\"added\": {\"name\": \"item image\", \"object\": \"ItemImage object (31)\"}}]"}}, {"model": "admin.logentry", "pk": 69, "fields": {"action_time": "2020-03-02T16:25:13.621Z", "user": 1, "content_type": 4, "object_id": "21", "object_repr": "\u0428\u0430\u0440\u0444 Chanel art019", "action_flag": 2, "change_message": "[{\"changed\": {\"fields\": [\"Item Name\"]}}]"}}, {"model": "admin.logentry", "pk": 70, "fields": {"action_time": "2020-03-02T16:25:54.835Z", "user": 1, "content_type": 4, "object_id": "22", "object_repr": "\u0428\u0430\u0440\u0444 Dior", "action_flag": 1, "change_message": "[{\"added\": {}}, {\"added\": {\"name\": \"item image\", \"object\": \"ItemImage object (32)\"}}, {\"added\": {\"name\": \"item image\", \"object\": \"ItemImage object (33)\"}}]"}}, {"model": "admin.logentry", "pk": 71, "fields": {"action_time": "2020-03-02T16:26:07.710Z", "user": 1, "content_type": 4, "object_id": "22", "object_repr": "\u0428\u0430\u0440\u0444 Dior", "action_flag": 2, "change_message": "[{\"changed\": {\"fields\": [\"Subcategory\"]}}]"}}, {"model": "admin.logentry", "pk": 72, "fields": {"action_time": "2020-03-02T16:28:03.997Z", "user": 1, "content_type": 4, "object_id": "23", "object_repr": "\u0428\u0430\u0440\u0444 Givenchy art021", "action_flag": 1, "change_message": "[{\"added\": {}}, {\"added\": {\"name\": \"item image\", \"object\": \"ItemImage object (34)\"}}, {\"added\": {\"name\": \"item image\", \"object\": \"ItemImage object (35)\"}}]"}}, {"model": "admin.logentry", "pk": 73, "fields": {"action_time": "2020-03-02T16:28:11.993Z", "user": 1, "content_type": 4, "object_id": "22", "object_repr": "\u0428\u0430\u0440\u0444 Dior art020", "action_flag": 2, "change_message": "[{\"changed\": {\"fields\": [\"Item Name\"]}}]"}}, {"model": "admin.logentry", "pk": 74, "fields": {"action_time": "2020-03-02T16:29:20.076Z", "user": 1, "content_type": 2, "object_id": "1", "object_repr": "\u0410\u043a\u0441\u0435\u0441\u0441\u0443\u0430\u0440\u044b for Women", "action_flag": 2, "change_message": "[{\"changed\": {\"name\": \"Sub-category\", \"object\": \"women \\u0428\\u0430\\u0440\\u0444\\u044b \\u0438 \\u043f\\u043b\\u0430\\u0442\\u043a\\u0438\", \"fields\": [\"Sub-category Name\"]}}]"}}, {"model": "admin.logentry", "pk": 75, "fields": {"action_time": "2020-03-02T16:31:18.945Z", "user": 1, "content_type": 2, "object_id": "1", "object_repr": "\u0410\u043a\u0441\u0435\u0441\u0441\u0443\u0430\u0440\u044b for Women", "action_flag": 2, "change_message": "[{\"changed\": {\"name\": \"Sub-category\", \"object\": \"women \\u0428\\u0430\\u0440\\u0444\\u044b  \\u043f\\u043b\\u0430\\u0442\\u043a\\u0438\", \"fields\": [\"Sub-category Name\"]}}]"}}, {"model": "admin.logentry", "pk": 76, "fields": {"action_time": "2020-03-02T16:32:27.143Z", "user": 1, "content_type": 2, "object_id": "1", "object_repr": "\u0410\u043a\u0441\u0435\u0441\u0441\u0443\u0430\u0440\u044b for Women", "action_flag": 2, "change_message": "[{\"changed\": {\"name\": \"Sub-category\", \"object\": \"women \\u0428\\u0430\\u0440\\u0444\\u044b  \\u043f\\u043b\\u0430\\u0442\\u043a\\u0438  \\u043f\\u0430\\u043b\\u0430\\u043d\\u0442\\u0438\\u043d\\u044b\", \"fields\": [\"Sub-category Name\"]}}]"}}, {"model": "admin.logentry", "pk": 77, "fields": {"action_time": "2020-03-02T16:55:27.512Z", "user": 1, "content_type": 4, "object_id": "24", "object_repr": "\u0420\u0435\u043c\u0435\u043d\u044c Valentino", "action_flag": 1, "change_message": "[{\"added\": {}}, {\"added\": {\"name\": \"item image\", \"object\": \"ItemImage object (36)\"}}, {\"added\": {\"name\": \"item image\", \"object\": \"ItemImage object (37)\"}}]"}}, {"model": "admin.logentry", "pk": 78, "fields": {"action_time": "2020-03-02T16:56:11.691Z", "user": 1, "content_type": 4, "object_id": "1", "object_repr": "\u0420\u0435\u043c\u0435\u043d\u044c Gucci", "action_flag": 2, "change_message": "[]"}}, {"model": "admin.logentry", "pk": 79, "fields": {"action_time": "2020-03-02T16:57:46.403Z", "user": 1, "content_type": 4, "object_id": "24", "object_repr": "\u0420\u0435\u043c\u0435\u043d\u044c Valentino art002", "action_flag": 2, "change_message": "[{\"changed\": {\"fields\": [\"Item Name\"]}}]"}}, {"model": "admin.logentry", "pk": 80, "fields": {"action_time": "2020-03-02T16:57:54.191Z", "user": 1, "content_type": 4, "object_id": "1", "object_repr": "\u0420\u0435\u043c\u0435\u043d\u044c Gucci art001", "action_flag": 2, "change_message": "[{\"changed\": {\"fields\": [\"Item Name\"]}}]"}}, {"model": "admin.logentry", "pk": 81, "fields": {"action_time": "2020-03-02T16:59:18.838Z", "user": 1, "content_type": 4, "object_id": "25", "object_repr": "\u0420\u0435\u043c\u0435\u043d\u044c Gucci", "action_flag": 1, "change_message": "[{\"added\": {}}, {\"added\": {\"name\": \"item image\", \"object\": \"ItemImage object (38)\"}}]"}}, {"model": "admin.logentry", "pk": 82, "fields": {"action_time": "2020-03-02T17:00:08.178Z", "user": 1, "content_type": 4, "object_id": "26", "object_repr": "\u0420\u0435\u043c\u0435\u043d\u044c Gucci art004", "action_flag": 1, "change_message": "[{\"added\": {}}, {\"added\": {\"name\": \"item image\", \"object\": \"ItemImage object (39)\"}}]"}}, {"model": "admin.logentry", "pk": 83, "fields": {"action_time": "2020-03-02T17:00:17.361Z", "user": 1, "content_type": 4, "object_id": "25", "object_repr": "\u0420\u0435\u043c\u0435\u043d\u044c Gucci art003", "action_flag": 2, "change_message": "[{\"changed\": {\"fields\": [\"Item Name\"]}}]"}}, {"model": "admin.logentry", "pk": 84, "fields": {"action_time": "2020-03-02T17:01:24.393Z", "user": 1, "content_type": 4, "object_id": "27", "object_repr": "\u0420\u0435\u043c\u0435\u043d\u044c Gucci art005", "action_flag": 1, "change_message": "[{\"added\": {}}, {\"added\": {\"name\": \"item image\", \"object\": \"ItemImage object (40)\"}}]"}}, {"model": "admin.logentry", "pk": 85, "fields": {"action_time": "2020-03-02T17:02:33.126Z", "user": 1, "content_type": 4, "object_id": "28", "object_repr": "\u0420\u0435\u043c\u0435\u043d\u044c Valentino art006", "action_flag": 1, "change_message": "[{\"added\": {}}, {\"added\": {\"name\": \"item image\", \"object\": \"ItemImage object (41)\"}}, {\"added\": {\"name\": \"item image\", \"object\": \"ItemImage object (42)\"}}]"}}, {"model": "admin.logentry", "pk": 86, "fields": {"action_time": "2020-03-02T17:03:31.559Z", "user": 1, "content_type": 4, "object_id": "29", "object_repr": "\u0420\u0435\u043c\u0435\u043d\u044c Dior art007", "action_flag": 1, "change_message": "[{\"added\": {}}, {\"added\": {\"name\": \"item image\", \"object\": \"ItemImage object (43)\"}}]"}}, {"model": "admin.logentry", "pk": 87, "fields": {"action_time": "2020-03-02T17:04:17.210Z", "user": 1, "content_type": 4, "object_id": "30", "object_repr": "\u0420\u0435\u043c\u0435\u043d\u044c Gucci art008", "action_flag": 1, "change_message": "[{\"added\": {}}, {\"added\": {\"name\": \"item image\", \"object\": \"ItemImage object (44)\"}}]"}}, {"model": "admin.logentry", "pk": 88, "fields": {"action_time": "2020-03-02T17:05:07.289Z", "user": 1, "content_type": 4, "object_id": "31", "object_repr": "\u0420\u0435\u043c\u0435\u043d\u044c Gucci art009", "action_flag": 1, "change_message": "[{\"added\": {}}, {\"added\": {\"name\": \"item image\", \"object\": \"ItemImage object (45)\"}}]"}}, {"model": "admin.logentry", "pk": 89, "fields": {"action_time": "2020-03-02T17:06:08.435Z", "user": 1, "content_type": 4, "object_id": "32", "object_repr": "\u0420\u0435\u043c\u0435\u043d\u044c Gucci art010", "action_flag": 1, "change_message": "[{\"added\": {}}, {\"added\": {\"name\": \"item image\", \"object\": \"ItemImage object (46)\"}}]"}}, {"model": "admin.logentry", "pk": 90, "fields": {"action_time": "2020-03-02T17:06:41.171Z", "user": 1, "content_type": 4, "object_id": "33", "object_repr": "\u0420\u0435\u043c\u0435\u043d\u044c Gucci art011", "action_flag": 1, "change_message": "[{\"added\": {}}, {\"added\": {\"name\": \"item image\", \"object\": \"ItemImage object (47)\"}}]"}}, {"model": "admin.logentry", "pk": 91, "fields": {"action_time": "2020-03-02T17:08:35.245Z", "user": 1, "content_type": 4, "object_id": "34", "object_repr": "\u0420\u0435\u043c\u0435\u043d\u044c Gucci art012", "action_flag": 1, "change_message": "[{\"added\": {}}, {\"added\": {\"name\": \"item image\", \"object\": \"ItemImage object (48)\"}}]"}}, {"model": "admin.logentry", "pk": 92, "fields": {"action_time": "2020-03-02T17:09:22.662Z", "user": 1, "content_type": 4, "object_id": "35", "object_repr": "\u0420\u0435\u043c\u0435\u043d\u044c Louis Vuitton art013", "action_flag": 1, "change_message": "[{\"added\": {}}, {\"added\": {\"name\": \"item image\", \"object\": \"ItemImage object (49)\"}}]"}}, {"model": "admin.logentry", "pk": 93, "fields": {"action_time": "2020-03-02T17:13:17.297Z", "user": 1, "content_type": 4, "object_id": "36", "object_repr": "\u0420\u0435\u043c\u0435\u043d\u044c Dior art014", "action_flag": 1, "change_message": "[{\"added\": {}}, {\"added\": {\"name\": \"item image\", \"object\": \"ItemImage object (50)\"}}]"}}, {"model": "admin.logentry", "pk": 94, "fields": {"action_time": "2020-03-02T17:21:07.384Z", "user": 1, "content_type": 4, "object_id": "37", "object_repr": "\u041a\u043e\u0448\u0435\u043b\u0435\u043a Givenchy", "action_flag": 1, "change_message": "[{\"added\": {}}, {\"added\": {\"name\": \"item image\", \"object\": \"ItemImage object (51)\"}}]"}}, {"model": "admin.logentry", "pk": 95, "fields": {"action_time": "2020-03-02T17:21:28.189Z", "user": 1, "content_type": 4, "object_id": "37", "object_repr": "\u041a\u043e\u0448\u0435\u043b\u0435\u043a Givenchy art001", "action_flag": 2, "change_message": "[{\"changed\": {\"fields\": [\"Item Name\"]}}]"}}, {"model": "admin.logentry", "pk": 96, "fields": {"action_time": "2020-03-02T17:22:00.280Z", "user": 1, "content_type": 4, "object_id": "38", "object_repr": "\u041a\u043e\u0448\u0435\u043b\u0435\u043a Givenchy art002", "action_flag": 1, "change_message": "[{\"added\": {}}, {\"added\": {\"name\": \"item image\", \"object\": \"ItemImage object (52)\"}}]"}}, {"model": "admin.logentry", "pk": 97, "fields": {"action_time": "2020-03-02T17:22:30.664Z", "user": 1, "content_type": 4, "object_id": "39", "object_repr": "\u041a\u043e\u0448\u0435\u043b\u0435\u043a Givenchy art003", "action_flag": 1, "change_message": "[{\"added\": {}}, {\"added\": {\"name\": \"item image\", \"object\": \"ItemImage object (53)\"}}]"}}, {"model": "admin.logentry", "pk": 98, "fields": {"action_time": "2020-03-02T17:23:39.384Z", "user": 1, "content_type": 4, "object_id": "40", "object_repr": "\u041a\u043e\u0448\u0435\u043b\u0435\u043a Louis Vuitton art004", "action_flag": 1, "change_message": "[{\"added\": {}}, {\"added\": {\"name\": \"item image\", \"object\": \"ItemImage object (54)\"}}]"}}, {"model": "admin.logentry", "pk": 99, "fields": {"action_time": "2020-03-02T17:24:11.553Z", "user": 1, "content_type": 4, "object_id": "41", "object_repr": "\u041a\u043e\u0448\u0435\u043b\u0435\u043a Louis Vuitton art005", "action_flag": 1, "change_message": "[{\"added\": {}}, {\"added\": {\"name\": \"item image\", \"object\": \"ItemImage object (55)\"}}]"}}, {"model": "admin.logentry", "pk": 100, "fields": {"action_time": "2020-03-02T17:24:40.450Z", "user": 1, "content_type": 4, "object_id": "41", "object_repr": "\u041a\u043e\u0448\u0435\u043b\u0435\u043a Louis Vuitton art005", "action_flag": 2, "change_message": "[{\"changed\": {\"name\": \"item image\", \"object\": \"ItemImage object (55)\", \"fields\": [\"Image\"]}}]"}}, {"model": "admin.logentry", "pk": 101, "fields": {"action_time": "2020-03-02T17:25:54.934Z", "user": 1, "content_type": 4, "object_id": "42", "object_repr": "\u041a\u043e\u0448\u0435\u043b\u0435\u043a Louis Vuitton art006", "action_flag": 1, "change_message": "[{\"added\": {}}, {\"added\": {\"name\": \"item image\", \"object\": \"ItemImage object (56)\"}}]"}}, {"model": "admin.logentry", "pk": 102, "fields": {"action_time": "2020-03-02T17:26:41.681Z", "user": 1, "content_type": 4, "object_id": "43", "object_repr": "\u041a\u043e\u0448\u0435\u043b\u0435\u043a Louis Vuitton art007", "action_flag": 1, "change_message": "[{\"added\": {}}, {\"added\": {\"name\": \"item image\", \"object\": \"ItemImage object (57)\"}}]"}}, {"model": "admin.logentry", "pk": 103, "fields": {"action_time": "2020-03-02T17:27:35.354Z", "user": 1, "content_type": 4, "object_id": "44", "object_repr": "\u041a\u043e\u0448\u0435\u043b\u0435\u043a Louis Vuitton art008", "action_flag": 1, "change_message": "[{\"added\": {}}, {\"added\": {\"name\": \"item image\", \"object\": \"ItemImage object (58)\"}}]"}}, {"model": "admin.logentry", "pk": 104, "fields": {"action_time": "2020-03-02T17:28:15.761Z", "user": 1, "content_type": 4, "object_id": "45", "object_repr": "\u041a\u043e\u0448\u0435\u043b\u0435\u043a Louis Vuitton art009", "action_flag": 1, "change_message": "[{\"added\": {}}, {\"added\": {\"name\": \"item image\", \"object\": \"ItemImage object (59)\"}}]"}}, {"model": "admin.logentry", "pk": 105, "fields": {"action_time": "2020-03-02T17:29:26.059Z", "user": 1, "content_type": 4, "object_id": "46", "object_repr": "\u041a\u043e\u0448\u0435\u043b\u0435\u043a Gucci art010", "action_flag": 1, "change_message": "[{\"added\": {}}, {\"added\": {\"name\": \"item image\", \"object\": \"ItemImage object (60)\"}}, {\"added\": {\"name\": \"item image\", \"object\": \"ItemImage object (61)\"}}, {\"added\": {\"name\": \"item image\", \"object\": \"ItemImage object (62)\"}}]"}}, {"model": "admin.logentry", "pk": 106, "fields": {"action_time": "2020-03-02T17:48:11.214Z", "user": 1, "content_type": 4, "object_id": "47", "object_repr": "\u0411\u0440\u0430\u0441\u043b\u0435\u0442 art001", "action_flag": 1, "change_message": "[{\"added\": {}}, {\"added\": {\"name\": \"item image\", \"object\": \"ItemImage object (63)\"}}]"}}, {"model": "admin.logentry", "pk": 107, "fields": {"action_time": "2020-03-02T17:48:58.257Z", "user": 1, "content_type": 4, "object_id": "48", "object_repr": "\u041f\u043e\u0434\u0432\u0435\u0441\u043a\u0430 art002", "action_flag": 1, "change_message": "[{\"added\": {}}, {\"added\": {\"name\": \"item image\", \"object\": \"ItemImage object (64)\"}}]"}}, {"model": "admin.logentry", "pk": 108, "fields": {"action_time": "2020-03-02T17:50:29.697Z", "user": 1, "content_type": 4, "object_id": "49", "object_repr": "\u041a\u043e\u043b\u044c\u0446\u043e art003", "action_flag": 1, "change_message": "[{\"added\": {}}, {\"added\": {\"name\": \"item image\", \"object\": \"ItemImage object (65)\"}}]"}}, {"model": "admin.logentry", "pk": 109, "fields": {"action_time": "2020-03-02T18:01:03.695Z", "user": 1, "content_type": 4, "object_id": "50", "object_repr": "\u0421\u0435\u0440\u044c\u0433\u0438 art004", "action_flag": 1, "change_message": "[{\"added\": {}}, {\"added\": {\"name\": \"item image\", \"object\": \"ItemImage object (66)\"}}]"}}, {"model": "admin.logentry", "pk": 110, "fields": {"action_time": "2020-03-02T18:02:22.145Z", "user": 1, "content_type": 4, "object_id": "51", "object_repr": "\u0411\u0440\u0430\u0441\u043b\u0435\u0442 art005", "action_flag": 1, "change_message": "[{\"added\": {}}, {\"added\": {\"name\": \"item image\", \"object\": \"ItemImage object (67)\"}}]"}}, {"model": "admin.logentry", "pk": 111, "fields": {"action_time": "2020-03-02T18:04:50.397Z", "user": 1, "content_type": 4, "object_id": "52", "object_repr": "\u041f\u043e\u0434\u0432\u0435\u0441\u043a\u0430 Celine", "action_flag": 1, "change_message": "[{\"added\": {}}, {\"added\": {\"name\": \"item image\", \"object\": \"ItemImage object (68)\"}}]"}}, {"model": "admin.logentry", "pk": 112, "fields": {"action_time": "2020-03-02T18:04:59.460Z", "user": 1, "content_type": 1, "object_id": "10", "object_repr": "Celine", "action_flag": 1, "change_message": "[{\"added\": {}}]"}}, {"model": "admin.logentry", "pk": 113, "fields": {"action_time": "2020-03-02T18:05:16.581Z", "user": 1, "content_type": 4, "object_id": "52", "object_repr": "\u041f\u043e\u0434\u0432\u0435\u0441\u043a\u0430 Celine art006", "action_flag": 2, "change_message": "[{\"changed\": {\"fields\": [\"Brand\", \"Item Name\"]}}]"}}, {"model": "admin.logentry", "pk": 114, "fields": {"action_time": "2020-03-02T18:06:40.119Z", "user": 1, "content_type": 4, "object_id": "53", "object_repr": "\u0411\u0443\u0441\u044b \u0432 \u0441\u0442\u0438\u043b\u0435 Chanel art007", "action_flag": 1, "change_message": "[{\"added\": {}}, {\"added\": {\"name\": \"item image\", \"object\": \"ItemImage object (69)\"}}]"}}, {"model": "admin.logentry", "pk": 115, "fields": {"action_time": "2020-03-02T18:08:14.580Z", "user": 1, "content_type": 4, "object_id": "54", "object_repr": "\u041a\u043e\u043b\u044c\u0446\u043e art008", "action_flag": 1, "change_message": "[{\"added\": {}}, {\"added\": {\"name\": \"item image\", \"object\": \"ItemImage object (70)\"}}, {\"added\": {\"name\": \"item image\", \"object\": \"ItemImage object (71)\"}}]"}}, {"model": "admin.logentry", "pk": 116, "fields": {"action_time": "2020-03-02T18:09:33.979Z", "user": 1, "content_type": 4, "object_id": "55", "object_repr": "\u041c\u043e\u043d\u043e \u0441\u0435\u0440\u044c\u0433\u0430 art009", "action_flag": 1, "change_message": "[{\"added\": {}}, {\"added\": {\"name\": \"item image\", \"object\": \"ItemImage object (72)\"}}]"}}, {"model": "admin.logentry", "pk": 117, "fields": {"action_time": "2020-03-02T18:11:04.132Z", "user": 1, "content_type": 4, "object_id": "56", "object_repr": "\u041f\u043e\u0434\u0432\u0435\u0441\u043a\u0430 art010", "action_flag": 1, "change_message": "[{\"added\": {}}, {\"added\": {\"name\": \"item image\", \"object\": \"ItemImage object (73)\"}}, {\"added\": {\"name\": \"item image\", \"object\": \"ItemImage object (74)\"}}]"}}, {"model": "admin.logentry", "pk": 118, "fields": {"action_time": "2020-03-02T18:12:01.910Z", "user": 1, "content_type": 4, "object_id": "57", "object_repr": "\u0421\u0435\u0440\u044c\u0433\u0438 art011", "action_flag": 1, "change_message": "[{\"added\": {}}, {\"added\": {\"name\": \"item image\", \"object\": \"ItemImage object (75)\"}}, {\"added\": {\"name\": \"item image\", \"object\": \"ItemImage object (76)\"}}]"}}, {"model": "admin.logentry", "pk": 119, "fields": {"action_time": "2020-03-02T18:13:05.046Z", "user": 1, "content_type": 4, "object_id": "58", "object_repr": "\u0421\u0435\u0440\u044c\u0433\u0438 art12", "action_flag": 1, "change_message": "[{\"added\": {}}, {\"added\": {\"name\": \"item image\", \"object\": \"ItemImage object (77)\"}}]"}}, {"model": "admin.logentry", "pk": 120, "fields": {"action_time": "2020-03-02T18:13:47.402Z", "user": 1, "content_type": 4, "object_id": "59", "object_repr": "\u0421\u0435\u0440\u044c\u0433\u0438 art014", "action_flag": 1, "change_message": "[{\"added\": {}}, {\"added\": {\"name\": \"item image\", \"object\": \"ItemImage object (78)\"}}]"}}, {"model": "admin.logentry", "pk": 121, "fields": {"action_time": "2020-03-02T18:15:08.567Z", "user": 1, "content_type": 4, "object_id": "60", "object_repr": "\u0421\u0435\u0440\u044c\u0433\u0438 art015", "action_flag": 1, "change_message": "[{\"added\": {}}, {\"added\": {\"name\": \"item image\", \"object\": \"ItemImage object (79)\"}}]"}}, {"model": "admin.logentry", "pk": 122, "fields": {"action_time": "2020-03-02T18:15:39.216Z", "user": 1, "content_type": 4, "object_id": "61", "object_repr": "\u0421\u0435\u0440\u044c\u0433\u0438 art016", "action_flag": 1, "change_message": "[{\"added\": {}}, {\"added\": {\"name\": \"item image\", \"object\": \"ItemImage object (80)\"}}]"}}, {"model": "admin.logentry", "pk": 123, "fields": {"action_time": "2020-03-02T18:17:26.735Z", "user": 1, "content_type": 4, "object_id": "62", "object_repr": "\u0421\u0435\u0440\u044c\u0433\u0438 art017", "action_flag": 1, "change_message": "[{\"added\": {}}, {\"added\": {\"name\": \"item image\", \"object\": \"ItemImage object (81)\"}}]"}}, {"model": "admin.logentry", "pk": 124, "fields": {"action_time": "2020-03-02T18:17:55.610Z", "user": 1, "content_type": 4, "object_id": "63", "object_repr": "\u0421\u0435\u0440\u044c\u0433\u0438 art018", "action_flag": 1, "change_message": "[{\"added\": {}}, {\"added\": {\"name\": \"item image\", \"object\": \"ItemImage object (82)\"}}]"}}, {"model": "admin.logentry", "pk": 125, "fields": {"action_time": "2020-03-02T18:18:33.299Z", "user": 1, "content_type": 4, "object_id": "64", "object_repr": "\u0421\u0435\u0440\u044c\u0433\u0438 art019", "action_flag": 1, "change_message": "[{\"added\": {}}, {\"added\": {\"name\": \"item image\", \"object\": \"ItemImage object (83)\"}}]"}}, {"model": "admin.logentry", "pk": 126, "fields": {"action_time": "2020-03-02T18:20:31.708Z", "user": 1, "content_type": 4, "object_id": "65", "object_repr": "\u0421\u0435\u0440\u044c\u0433\u0438 art020", "action_flag": 1, "change_message": "[{\"added\": {}}, {\"added\": {\"name\": \"item image\", \"object\": \"ItemImage object (84)\"}}]"}}, {"model": "admin.logentry", "pk": 127, "fields": {"action_time": "2020-03-02T18:21:03.217Z", "user": 1, "content_type": 4, "object_id": "66", "object_repr": "\u0421\u0435\u0440\u044c\u0433\u0438 art021", "action_flag": 1, "change_message": "[{\"added\": {}}, {\"added\": {\"name\": \"item image\", \"object\": \"ItemImage object (85)\"}}]"}}, {"model": "admin.logentry", "pk": 128, "fields": {"action_time": "2020-03-02T18:21:58.888Z", "user": 1, "content_type": 4, "object_id": "67", "object_repr": "\u0421\u0435\u0440\u044c\u0433\u0438 art022", "action_flag": 1, "change_message": "[{\"added\": {}}, {\"added\": {\"name\": \"item image\", \"object\": \"ItemImage object (86)\"}}]"}}, {"model": "admin.logentry", "pk": 129, "fields": {"action_time": "2020-03-02T18:22:50.092Z", "user": 1, "content_type": 4, "object_id": "68", "object_repr": "\u0421\u0435\u0440\u044c\u0433\u0438 art023", "action_flag": 1, "change_message": "[{\"added\": {}}, {\"added\": {\"name\": \"item image\", \"object\": \"ItemImage object (87)\"}}]"}}, {"model": "admin.logentry", "pk": 130, "fields": {"action_time": "2020-03-02T18:23:38.569Z", "user": 1, "content_type": 4, "object_id": "69", "object_repr": "\u041a\u043e\u043b\u044c\u0446\u043e art024", "action_flag": 1, "change_message": "[{\"added\": {}}, {\"added\": {\"name\": \"item image\", \"object\": \"ItemImage object (88)\"}}]"}}, {"model": "admin.logentry", "pk": 131, "fields": {"action_time": "2020-03-02T18:24:29.807Z", "user": 1, "content_type": 4, "object_id": "70", "object_repr": "\u0421\u0435\u0440\u044c\u0433\u0438 art25", "action_flag": 1, "change_message": "[{\"added\": {}}, {\"added\": {\"name\": \"item image\", \"object\": \"ItemImage object (89)\"}}]"}}, {"model": "admin.logentry", "pk": 132, "fields": {"action_time": "2020-03-02T18:24:56.863Z", "user": 1, "content_type": 4, "object_id": "71", "object_repr": "\u0421\u0435\u0440\u044c\u0433\u0438 art026", "action_flag": 1, "change_message": "[{\"added\": {}}, {\"added\": {\"name\": \"item image\", \"object\": \"ItemImage object (90)\"}}]"}}, {"model": "admin.logentry", "pk": 133, "fields": {"action_time": "2020-03-02T18:27:17.542Z", "user": 1, "content_type": 4, "object_id": "72", "object_repr": "\u0411\u0440\u0430\u0441\u043b\u0435\u0442 art027", "action_flag": 1, "change_message": "[{\"added\": {}}, {\"added\": {\"name\": \"item image\", \"object\": \"ItemImage object (91)\"}}]"}}, {"model": "admin.logentry", "pk": 134, "fields": {"action_time": "2020-03-02T18:27:42.849Z", "user": 1, "content_type": 4, "object_id": "73", "object_repr": "\u0411\u0440\u0430\u0441\u043b\u0435\u0442 art028", "action_flag": 1, "change_message": "[{\"added\": {}}, {\"added\": {\"name\": \"item image\", \"object\": \"ItemImage object (92)\"}}]"}}, {"model": "admin.logentry", "pk": 135, "fields": {"action_time": "2020-03-02T18:36:02.481Z", "user": 1, "content_type": 4, "object_id": "74", "object_repr": "\u0411\u0440\u0430\u0441\u043b\u0435\u0442 art029", "action_flag": 1, "change_message": "[{\"added\": {}}, {\"added\": {\"name\": \"item image\", \"object\": \"ItemImage object (93)\"}}]"}}, {"model": "admin.logentry", "pk": 136, "fields": {"action_time": "2020-03-02T18:36:35.374Z", "user": 1, "content_type": 4, "object_id": "75", "object_repr": "\u0411\u0440\u0430\u0441\u043b\u0435\u0442 art030", "action_flag": 1, "change_message": "[{\"added\": {}}, {\"added\": {\"name\": \"item image\", \"object\": \"ItemImage object (94)\"}}]"}}, {"model": "admin.logentry", "pk": 137, "fields": {"action_time": "2020-03-02T19:21:44.729Z", "user": 1, "content_type": 4, "object_id": "76", "object_repr": "\u0411\u0443\u0441\u044b art031", "action_flag": 1, "change_message": "[{\"added\": {}}, {\"added\": {\"name\": \"item image\", \"object\": \"ItemImage object (95)\"}}]"}}, {"model": "admin.logentry", "pk": 138, "fields": {"action_time": "2020-03-02T19:24:01.829Z", "user": 1, "content_type": 4, "object_id": "77", "object_repr": "\u041f\u043e\u0434\u0432\u0435\u0441\u043a\u0430 art032", "action_flag": 1, "change_message": "[{\"added\": {}}, {\"added\": {\"name\": \"item image\", \"object\": \"ItemImage object (96)\"}}]"}}, {"model": "admin.logentry", "pk": 139, "fields": {"action_time": "2020-03-02T19:25:08.937Z", "user": 1, "content_type": 4, "object_id": "78", "object_repr": "\u0417\u0430\u043a\u043e\u043b\u043aa art33", "action_flag": 1, "change_message": "[{\"added\": {}}, {\"added\": {\"name\": \"item image\", \"object\": \"ItemImage object (97)\"}}]"}}, {"model": "admin.logentry", "pk": 140, "fields": {"action_time": "2020-03-02T19:32:57.561Z", "user": 1, "content_type": 4, "object_id": "79", "object_repr": "\u041f\u043e\u0434\u0432\u0435\u0441\u043a\u0430 art034", "action_flag": 1, "change_message": "[{\"added\": {}}, {\"added\": {\"name\": \"item image\", \"object\": \"ItemImage object (98)\"}}]"}}, {"model": "admin.logentry", "pk": 141, "fields": {"action_time": "2020-03-02T19:33:12.513Z", "user": 1, "content_type": 4, "object_id": "79", "object_repr": "\u041f\u043e\u0434\u0432\u0435\u0441\u043a\u0430 art034", "action_flag": 2, "change_message": "[{\"added\": {\"name\": \"item image\", \"object\": \"ItemImage object (99)\"}}]"}}, {"model": "admin.logentry", "pk": 142, "fields": {"action_time": "2020-03-02T19:34:52.747Z", "user": 1, "content_type": 4, "object_id": "80", "object_repr": "\u0421\u0435\u0440\u044c\u0433\u0438 art035", "action_flag": 1, "change_message": "[{\"added\": {}}, {\"added\": {\"name\": \"item image\", \"object\": \"ItemImage object (100)\"}}]"}}, {"model": "admin.logentry", "pk": 143, "fields": {"action_time": "2020-03-02T19:36:08.987Z", "user": 1, "content_type": 4, "object_id": "81", "object_repr": "\u0421\u0435\u0440\u044c\u0433\u0438 art036", "action_flag": 1, "change_message": "[{\"added\": {}}, {\"added\": {\"name\": \"item image\", \"object\": \"ItemImage object (101)\"}}]"}}, {"model": "admin.logentry", "pk": 144, "fields": {"action_time": "2020-03-02T19:40:00.099Z", "user": 1, "content_type": 4, "object_id": "82", "object_repr": "\u041a\u043e\u043b\u044c\u0446\u043e art037", "action_flag": 1, "change_message": "[{\"added\": {}}, {\"added\": {\"name\": \"item image\", \"object\": \"ItemImage object (102)\"}}, {\"added\": {\"name\": \"item image\", \"object\": \"ItemImage object (103)\"}}]"}}, {"model": "admin.logentry", "pk": 145, "fields": {"action_time": "2020-03-02T19:41:50.637Z", "user": 1, "content_type": 4, "object_id": "83", "object_repr": "\u0421\u0435\u0440\u044c\u0433\u0438 art038", "action_flag": 1, "change_message": "[{\"added\": {}}, {\"added\": {\"name\": \"item image\", \"object\": \"ItemImage object (104)\"}}]"}}, {"model": "admin.logentry", "pk": 146, "fields": {"action_time": "2020-03-02T19:45:33.035Z", "user": 1, "content_type": 4, "object_id": "84", "object_repr": "\u0421\u0435\u0440\u044c\u0433\u0438 art039", "action_flag": 1, "change_message": "[{\"added\": {}}, {\"added\": {\"name\": \"item image\", \"object\": \"ItemImage object (105)\"}}]"}}, {"model": "admin.logentry", "pk": 147, "fields": {"action_time": "2020-03-02T19:46:22.886Z", "user": 1, "content_type": 4, "object_id": "85", "object_repr": "\u0421\u0435\u0440\u044c\u0433\u0438 art040", "action_flag": 1, "change_message": "[{\"added\": {}}, {\"added\": {\"name\": \"item image\", \"object\": \"ItemImage object (106)\"}}]"}}, {"model": "admin.logentry", "pk": 148, "fields": {"action_time": "2020-03-02T19:46:58.852Z", "user": 1, "content_type": 4, "object_id": "86", "object_repr": "\u0421\u0435\u0440\u044c\u0433\u0438 art041", "action_flag": 1, "change_message": "[{\"added\": {}}, {\"added\": {\"name\": \"item image\", \"object\": \"ItemImage object (107)\"}}]"}}, {"model": "admin.logentry", "pk": 149, "fields": {"action_time": "2020-03-02T19:47:56.563Z", "user": 1, "content_type": 4, "object_id": "87", "object_repr": "\u0411\u0440\u0430\u0441\u043b\u0435\u0442 art042", "action_flag": 1, "change_message": "[{\"added\": {}}, {\"added\": {\"name\": \"item image\", \"object\": \"ItemImage object (108)\"}}]"}}, {"model": "admin.logentry", "pk": 150, "fields": {"action_time": "2020-03-02T19:50:23.592Z", "user": 1, "content_type": 4, "object_id": "88", "object_repr": "\u0421\u0435\u0440\u044c\u0433\u0438 art043", "action_flag": 1, "change_message": "[{\"added\": {}}, {\"added\": {\"name\": \"item image\", \"object\": \"ItemImage object (109)\"}}]"}}, {"model": "admin.logentry", "pk": 151, "fields": {"action_time": "2020-03-02T19:51:21.390Z", "user": 1, "content_type": 4, "object_id": "89", "object_repr": "\u041a\u043e\u043b\u044c\u0446\u043e art044", "action_flag": 1, "change_message": "[{\"added\": {}}, {\"added\": {\"name\": \"item image\", \"object\": \"ItemImage object (110)\"}}, {\"added\": {\"name\": \"item image\", \"object\": \"ItemImage object (111)\"}}]"}}, {"model": "admin.logentry", "pk": 152, "fields": {"action_time": "2020-03-02T19:53:54.619Z", "user": 1, "content_type": 4, "object_id": "90", "object_repr": "\u0411\u0440\u0430\u0441\u043b\u0435\u0442 art048", "action_flag": 1, "change_message": "[{\"added\": {}}, {\"added\": {\"name\": \"item image\", \"object\": \"ItemImage object (112)\"}}]"}}, {"model": "admin.logentry", "pk": 153, "fields": {"action_time": "2020-03-02T19:54:21.965Z", "user": 1, "content_type": 4, "object_id": "91", "object_repr": "\u0411\u0440\u0430\u0441\u043b\u0435\u0442 art049", "action_flag": 1, "change_message": "[{\"added\": {}}, {\"added\": {\"name\": \"item image\", \"object\": \"ItemImage object (113)\"}}]"}}, {"model": "admin.logentry", "pk": 154, "fields": {"action_time": "2020-03-02T19:55:29.079Z", "user": 1, "content_type": 4, "object_id": "92", "object_repr": "\u0411\u0440\u0430\u0441\u043b\u0435\u0442 art050", "action_flag": 1, "change_message": "[{\"added\": {}}, {\"added\": {\"name\": \"item image\", \"object\": \"ItemImage object (114)\"}}]"}}, {"model": "admin.logentry", "pk": 155, "fields": {"action_time": "2020-03-02T19:55:57.495Z", "user": 1, "content_type": 4, "object_id": "93", "object_repr": "\u0411\u0440\u0430\u0441\u043b\u0435\u0442 art051", "action_flag": 1, "change_message": "[{\"added\": {}}, {\"added\": {\"name\": \"item image\", \"object\": \"ItemImage object (115)\"}}]"}}, {"model": "admin.logentry", "pk": 156, "fields": {"action_time": "2020-03-02T19:58:43.279Z", "user": 1, "content_type": 4, "object_id": "94", "object_repr": "\u0421\u0435\u0440\u044c\u0433\u0438 art052", "action_flag": 1, "change_message": "[{\"added\": {}}, {\"added\": {\"name\": \"item image\", \"object\": \"ItemImage object (116)\"}}]"}}, {"model": "admin.logentry", "pk": 157, "fields": {"action_time": "2020-03-02T20:01:18.490Z", "user": 1, "content_type": 4, "object_id": "95", "object_repr": "\u0421\u0435\u0440\u044c\u0433\u0438 art053", "action_flag": 1, "change_message": "[{\"added\": {}}, {\"added\": {\"name\": \"item image\", \"object\": \"ItemImage object (117)\"}}]"}}, {"model": "admin.logentry", "pk": 158, "fields": {"action_time": "2020-03-02T20:07:22.433Z", "user": 1, "content_type": 4, "object_id": "96", "object_repr": "\u041f\u043e\u0434\u0432\u0435\u0441\u043a\u0430 art054", "action_flag": 1, "change_message": "[{\"added\": {}}, {\"added\": {\"name\": \"item image\", \"object\": \"ItemImage object (118)\"}}, {\"added\": {\"name\": \"item image\", \"object\": \"ItemImage object (119)\"}}, {\"added\": {\"name\": \"item image\", \"object\": \"ItemImage object (120)\"}}, {\"added\": {\"name\": \"item image\", \"object\": \"ItemImage object (121)\"}}, {\"added\": {\"name\": \"item image\", \"object\": \"ItemImage object (122)\"}}]"}}, {"model": "admin.logentry", "pk": 159, "fields": {"action_time": "2020-03-02T20:09:29.808Z", "user": 1, "content_type": 4, "object_id": "97", "object_repr": "\u0421\u0435\u0440\u044c\u0433\u0438 art055", "action_flag": 1, "change_message": "[{\"added\": {}}, {\"added\": {\"name\": \"item image\", \"object\": \"ItemImage object (123)\"}}]"}}, {"model": "admin.logentry", "pk": 160, "fields": {"action_time": "2020-03-02T20:10:32.015Z", "user": 1, "content_type": 4, "object_id": "98", "object_repr": "\u0421\u0435\u0440\u044c\u0433\u0438 art056", "action_flag": 1, "change_message": "[{\"added\": {}}, {\"added\": {\"name\": \"item image\", \"object\": \"ItemImage object (124)\"}}, {\"added\": {\"name\": \"item image\", \"object\": \"ItemImage object (125)\"}}]"}}, {"model": "admin.logentry", "pk": 161, "fields": {"action_time": "2020-03-02T20:12:02.774Z", "user": 1, "content_type": 4, "object_id": "99", "object_repr": "\u0411\u0440\u0430\u0441\u043b\u0435\u0442 art057", "action_flag": 1, "change_message": "[{\"added\": {}}, {\"added\": {\"name\": \"item image\", \"object\": \"ItemImage object (126)\"}}, {\"added\": {\"name\": \"item image\", \"object\": \"ItemImage object (127)\"}}, {\"added\": {\"name\": \"item image\", \"object\": \"ItemImage object (128)\"}}]"}}, {"model": "users.profile", "pk": 1, "fields": {"user": 1, "name": "Aleksei Vlasov", "email": "admin@va-boutique.com", "phone": "+7 (925) 519-62-42", "address": "Moscow", "slug": "admins-profile"}}]